name,mRNA,unpair,entropy
>Q13794|LinearDesign,AUGCCGGGGAAGAAGGCGCGGAAGAACGCGCAGCCUUCCCCGGCACGUGCCCCAGCAGAGCUGGAGGUCGAGUGUGCAACUCAGCUCCGGAGGUUCGGCGACAAGCUGAACUUCCGGCAGAAGUUGCUCAACUUGAUCUCCAAGCUGUUCUGCUCGGGCACG,0.20642641975308643,0.0990525076444851
>Q13794|RandomWalk,AUGCCGGGGAAGAAGGCGCGGAAGAACGCGCAGCCUUCCCCGGCACGUGCCCCAGCAGAGCUGGAGGUCGAGUGUGCAACUCAGCUGCGGAGGUUCGGCGACAAGCUGAACUUCCGCCAGAAGUUGCUCAACUUGAUCUCCAAGCUGUUCUGCUCGGGCACG,0.2060495679012346,0.10350374104876948
>Q13794|Ours,AUGCCGGGGAAGAAGGCGCGUAAGAACGCGCAGCCUUCCCCGGCACGUGCCCCAGCAGAGCUGGAGGUCGAGUGUGCAACUCAGCUGCGGAGGUUCGGCGACAAGCUGAACUUCCGGCAGAAGUUGCUCAACUUGAUCUCCAAGCUGUUCUGCUCGGGCACG,0.19283358024691355,0.10393979528322067
>Q9UI25|LinearDesign,AUGGAGGAGAUGUCCUACGGAGAGAACUCUGGGACGCAUGUGGGGAGCUUCAGCUGCUCCCCACAGCCGUCCCAGCAGAUGAAGGUUCUCUUCGUAGGAAACAGUUUCCUCCUGACGCCGGUGCUGCACCGGCAGCCCCACCUCCAGCCCUGCAACUUUGGGCCGGAGGUGGUGGCGCCGCAGCGCCUG,0.25867259259259257,0.08155074873226971
>Q9UI25|RandomWalk,AUGGAGGAGAUGUCCUACGGAGAGAACUCUGGGACGCAUGUGGGGAGCUUCUCGUGCUCCCCACAGCCGUCCCAGCAGAUGAAGGUUCUCUUCGUAGGAAACAGUUUCCUCCUUACACCGGUGCUGCACCGGCAGCCCCACCUCCAGCCCUGUAAUUUUGGGCCGGAGGUGGUGGCGCCGCAGCGCCUG,0.2558391534391534,0.09064259471362532
>Q9UI25|Ours,AUGGAGGAGAUGUCCUACGGAGAGAACUCUGGGACGCAUGUGGGGAGCUUCUCGUGCUCCCCACAGCCGUCCCAGCAGAUGAAGGUUCUCUUCGUAGGAAACAGUUUCCUCCUUACACCGGUGCUGCACCGGCAGCCCCACCUCCAGCCCUGUAAUUUUGGGCCGGAGGUGGUGGCGCCGCAGCGCCUG,0.2558391534391534,0.09064259471362532
>Q9BZL1|LinearDesign,AUGAUCGAGGUGGUCUGCAAUGACCGCCUCGGUAAGAAGGUGAGGGUGAAGUGCAACACAGAUGAUACCAUCGGGGAUCUCAAGAAGCUCAUCGCGGCCCAGACGGGCACGCGAUGGAACAAGAUAGUCCUCAAGAAGUGGUACACGAUCUUCAAGGAUCAUGUAUCACUUGGGGACUAUGAGAUCCACGAUGGUAUGAAUCUGGAGUUGUACUACCAG,0.278123196347032,0.09940750155629757
>Q9BZL1|RandomWalk,AUGAUCGAGGUGGUCUGUAAUGACCGCCUCGGUAAGAAGGUUCGGGUGAAGUGCAACACAGAUGAUACCAUCGGGGAUCUCAAGAAGCUCAUCGCGGCCCAGACGGGCACGCGAUGGAAUAAGAUAGUCCUCAAGAAGUGGUACACGAUCUUUAAGGAUCAUGUAUCACUUGGGGACUAUGAGAUCCACGAUGGUAUGAAUCUGGAGUUGUACUACCAG,0.2745603652968036,0.10503767959647915
>Q9BZL1|Ours,AUGAUCGAGGUGGUCUGCAAUGACCGCCUCGGUAAGAAGGUCCGGGUAAAGUGCAACACAGAUGAUACCAUCGGGGAUCUCAAGAAGCUCAUCGCGGCCCAGACGGGCACGCGAUGGAAUAAGAUAGUCCUCAAGAAGUGGUACACGAUCUUUAAGGAUCAUGUAUCACUUGGGGACUAUGAGAUCCACGAUGGUAUGAAUCUGGAGUUGUACUACCAG,0.273774794520548,0.10455649044509584
>P60468|LinearDesign,AUGCCCGGCCCGACGCCCAGCGGGACCAACGUUGGGUCGUCGGGCCGGUCCCCGUCGAAGGCGGUCGCGGCCCGCGCUGCGGGUUCCACAGUGAGGCAGCGGAAGAAUGCCUCCUGUGGAACCCGCAGCGCGGGCCGGACCACCUCGGCGGGGACAGGAGGGAUGUGGCGAUUCUACACCGAGGACUCGCCCGGCCUGAAGGUCGGGCCAGUCCCGGUGCUCGUCAUGUCCCUCCUGUUCAUUGCGAGUGUGUUCAUGCUCCAUAUUUGGGGCAAAUACACUCGCAGU,0.16802652777777777,0.048801423257708844
>P60468|RandomWalk,AUGCCCGGCCCGACGCCCAGCGGGACCAACGUUGGGUCGUCGGGCCGGUCCCCGUCGAAGGCGGUCGCGGCCCGCGCUGCGGGUUCCACAGUGAGGCAGCGUAAGAAUGCCUCCUGUGGAACCCGCAGCGCGGGCCGGACCACCUCGGCGGGGACAGGAGGGAUGUGGCGAUUCUACACCGAGGACUCGCCCGGCCUGAAGGUCGGGCCAGUCCCGGUGCUCGUCAUGUCCCUCCUGUUCAUUGCGAGUGUGUUUAUGCUCCAUAUUUGGGGCAAAUACACUCGCAGU,0.1676347222222222,0.053446246903506744
>P60468|Ours,AUGCCCGGCCCGACGCCCAGCGGGACCAACGUUGGGUCGUCGGGCCGGUCCCCGUCGAAGGCGGUGGCGGCCCGCGCUGCGGGUUCCACAGUGAGGCAGCGGAAGAAUGCCUCCUGUGGAACCCGCAGCGCGGGCCGCACCACCUCGGCGGGGACAGGAGGGAUGUGGCGAUUCUACACCGAGGACUCGCCCGGCCUGAAGGUCGGGCCAGUCCCGGUGCUCGUCAUGUCCCUCCUGUUCAUUGCGAGUGUAUUUAUGCUCCAUAUUUGGGGCAAAUACACUCGCAGU,0.1678307638888889,0.06112487354974293
>Q9NWD9|LinearDesign,AUGGAGUCAAAGGAGGAGCUCGCCGCCAACAAUCUCAAUGGUGAGAACGCUCAGCAGGAGAAUGAGGGCGGCGAGCAGGCCCCCACCCAGAAUGAGGAGGAGUCUCGUCAUCUGGGUGGGGGCGAGGGGCAGAAGCCGGGUGGUAAUAUCCGGCGCGGGCGUGUGAGACGGCUAGUGCCGAAUUUCCGCUGGGCGAUUCCGAAUCGCCACAUCGAGCACAACGAAGCGCGCGACGACGUCGAGCGCUUCGUUGGCCAGAUGAUGGAGAUUAAGCGGAAGACGCGCGAGCAGCAGAUGCGGCACUACAUGCGGUUUCAGACGCCCGAGCCGGAUAACCACUACGACUUCUGCCUGAUUCCA,0.22615077777777778,0.06540778597615884
>Q9NWD9|RandomWalk,AUGGAGUCAAAGGAGGAGCUCGCCGCCAACAAUCUCAAUGGUGAGAACGCUCAGCAGGAGAAUGAGGGCGGCGAGCAGGCCCCCACCCAGAAUGAGGAGGAGUCUCGUCAUCUGGGUGGGGGCGAGGGGCAGAAGCCGGGUGGUAAUAUCCGGCGCGGGCGUGUGAGACGGCUAGUGCCGAAUUUCCGCUGGGCGAUUCCGAAUCGCCACAUCGAGCACAACGAAGCGCGCGACGACGUCGAGCGCUUCGUUGGCCAGAUGAUGGAGAUUAAGCGGAAGACGCGCGAGCAGCAGAUGCGGCACUAUAUGCGGUUUCAGACGCCCGAGCCGGAUAACCACUACGACUUCUGCCUGAUUCCA,0.2261695,0.0658545512949789
>Q9NWD9|Ours,AUGGAAUCAAAGGAGGAGCUCGCCGCCAACAAUCUCAAUGGUGAGAACGCUCAGCAGGAGAAUGAGGGCGGCGAGCAGGCCCCCACCCAGAAUGAGGAGGAGUCUCGUCAUCUGGGUGGGGGCGAGGGGCAGAAGCCGGGUGGUAAUAUCCGGCGCGGGCGUGUGAGGCGCUUAGUGCCGAAUUUCCGCUGGGCGAUUCCGAAUCGCCACAUCGAGCACAACGAAGCGCGCGACGACGUCGAGCGCUUCGUUGGCCAGAUGAUGGAGAUUAAGCGGAAGACGCGCGAGCAGCAGAUGCGGCACUACAUGCGCUUUCAGACGCCCGAGCCGGAUAACCACUACGACUUCUGCCUGAUUCCA,0.22603655555555555,0.07806766443009149
>P14555|LinearDesign,AUGAAGACAUUGUUACUGCUGGCAGUGAUAAUGAUCUUCGGGCUCCUCCAGGCCCAUGGCAACUUGGUCAACUUUCAUAGGAUGAUCAAGUUGACCACGGGCAAGGAGGCAGCCCUCUCGUACGGCUUCUACGGCUGUCACUGCGGCGUAGGUGGUCGCGGGAGCCCGAAGGACGCAACAGACCGCUGUUGCGUCACUCACGACUGCUGCUACAAGCGGUUGGAGAAGAGAGGUUGUGGGACAAAGUUUUUGUCCUACAAGUUCUCUAAUUCGGGCUCCCGGAUCACCUGCGCCAAGCAGGACAGCUGUAGAAGCCAGCUGUGCGAGUGCGACAAGGCGGCUGCCACCUGCUUUGCUCGGAAUAAGACUACGUACAACAAGAAGUACCAGUAUUAUUCCAACAAGCAUUGCAGGGGCAGCACGCCUCGUUGC,0.18990055555555554,0.04782813096390116
>P14555|RandomWalk,AUGAAGACAUUGUUACUGCUGGCAGUGAUAAUGAUCUUCGGGCUCCUCCAGGCCCAUGGCAACUUGGUCAACUUUCAUAGGAUGAUCAAGUUGACCACGGGCAAGGAGGCAGCCCUCUCGUACGGCUUCUACGGCUGUCACUGCGGCGUAGGUGGUCGCGGGAGCCCGAAGGACGCAACAGACCGCUGUUGCGUCACUCACGACUGCUGCUACAAGCGGUUGGAGAAGAGAGGUUGUGGGACAAAGUUUUUGUCCUACAAGUUCUCUAAUUCGGGCUCCCGGAUCACCUGCGCCAAGCAGGACAGCUGUAGAAGCCAGCUGUGCGAGUGCGACAAGGCGGCUGCCACCUGCUUUGCUCGGAAUAAGACUACGUACAACAAGAAGUACCAGUAUUAUUCCAACAAGCAUUGCAGGGGCAGCACGCCUCGUUGC,0.18990055555555554,0.04782813096390116
>P14555|Ours,AUGAAGACAUUGUUACUGUUAGCAGUGAUAAUGAUCUUCGGGCUGCUCCAGGCCCAUGGCAACUUGGUCAACUUUCAUAGGAUGAUCAAGUUGACCACGGGCAAGGAGGCAGCCCUCUCGUACGGCUUCUACGGCUGUCACUGCGGCGUAGGUGGUCGCGGGAGCCCGAAGGACGCAACAGACCGCUGUUGCGUCACUCACGACUGCUGCUACAAGCGGUUGGAGAAGAGAGGUUGUGGGACAAAGUUUUUGUCCUACAAGUUCUCUAAUUCGGGCUCCCGGAUCACCUGCGCCAAGCAGGACAGCUGUAGAAGCCAGCUGUGCGAGUGCGACAAGGCGGCUGCCACCUGCUUUGCUAGGAAUAAGACUACGUACAAUAAGAAGUACCAGUAUUAUUCCAAUAAGCAUUGCAGGGGCAGCACGCCUCGUUGC,0.1890231481481481,0.05799385012562485
>Q8N111|LinearDesign,AUGGAGAGCCGGGGGAAGUCUGCGUCGUCACCUAAGCCGGACACGAAAGUCCCGCAGGUGACGACGGAGGCUAAGGUUCCCCCGGCUGCGGACGGGAAGGCCCCCCUGACGAAGCCUUCUAAGAAGGAGGCUCCAGCGGAAAAGCAGCAGCCGCCCGCCGCCCCCACCACAGCGCCGGCGAAGAAGACCUCCGCGAAAGCGGACCCCGCCCUCCUGAACAACCACAGCAACCUGAAGCCCGCCCCGACGGUGCCGUCCUCCCCCGACGCCACCCCCGAGCCCAAGGGGCCGGGGGAUGGCGCGGAGGAGGACGAGGCAGCGUCGGGGGGGCCAGGAGGGCGGGGUCCGUGGUCGUGCGAGAACUUCAACCCGCUGCUGGUGGCGGGCGGCGUGGCGGUUGCUGCUAUUGCGCUGAUCUUAGGGGUGGCCUUCCUCGUCCGCAAGAAG,0.21860906040268455,0.07565104023772003
>Q8N111|RandomWalk,AUGGAGAGCCGGGGGAAGUCUGCGUCGUCACCUAAGCCGGACACGAAAGUCCCGCAGGUGACGACGGAGGCUAAGGUUCCCCCGGCUGCGGACGGGAAGGCCCCCCUGACGAAGCCUUCUAAGAAGGAGGCUCCAGCGGAAAAGCAGCAGCCGCCCGCCGCCCCCACCACAGCGCCGGCGAAGAAGACCUCCGCGAAAGCGGACCCCGCCCUCCUGAACAACCACAGCAACCUGAAGCCCGCCCCGACGGUGCCGUCCUCCCCCGACGCCACCCCCGAGCCCAAGGGGCCGGGGGAUGGCGCGGAGGAGGACGAGGCAGCGUCGGGCGGGCCAGGAGGGCGGGGUCCGUGGUCGUGCGAGAACUUCAACCCGCUGCUGGUGGCGGGCGGCGUGGCGGUUGCUGCUAUUGCGCUGAUCUUAGGGGUGGCCUUCCUCGUCCGCAAGAAG,0.21857935123042507,0.08638042399292944
>Q8N111|Ours,AUGGAGAGCCGGGGGAAGUCUGCGUCGUCACCUAAGCCGGACACGAAAGUCCCGCAGGUGACGACGGAGGCUAAGGUUCCCCCGGCUGCGGACGGGAAGGCCCCCCUGACGAAGCCUUCUAAGAAGGAGGCUCCAGCGGAAAAGCAGCAGCCGCCCGCCGCCCCCACCACAGCGCCGGCGAAGAAGACCUCCGCGAAAGCGGACCCCGCCCUCCUGAACAAUCAUUCAAAUUUGAAGCCCGCCCCGACGGUGCCGUCCUCCCCCGACGCCACCCCCGAGCCCAAGGGGCCGGGGGAUGGCGCGGAGGAGGACGAGGCAGCGUCGGGCGGGCCAGGAGGGCGGGGUCCGUGGUCGUGCGAGAACUUCAACCCGCUGUUGGUGGCGGGCGGCGUGGCGGUUGCUGCUAUUGCGCUGAUCUUAGGGGUGGCCUUCCUCGUCCGCAAGAAG,0.21497143176733782,0.0845109929413312
>P63125|LinearDesign,UGGGCCAGUCAGGUCUCUGAGAAUCGGCCAGUUUGCAAGGCCAUUAUUCAGGGCAAGCAGUUCGAGGGGUUGGUCGACACCGGGGCCGACGUCUCGAUCAUUGCCCUGAAUCAGUGGCCUAAGAACUGGCCGAAGCAGAAGGCCGUGACUGGCCUUGUUGGAGUAGGCACGGCCUCAGAGGUUUAUCAGUCGACGGAGAUCCUGCACUGUCUGGGUCCUGACAAUCAGGAGUCGACAGUGCAGCCCAUGAUCACGUCGAUUCCGUUGAACCUCUGGGGCCGUGACCUGCUCCAGCAGUGGGGAGCGGAGAUCACGAUGCCCGCCCCGCUGUAUAGCCCAACUUCGCAGAAGAUCAUGACGAAGAUGGGCUAUAUCCCUGGUAAGGGUCUUGGCAAGAACGAGGACGGGAUCAAGAUUCCCGUCGAGGCCAAGAUCAACCAGAAGCGGGAGGGCAUCGGAUAUCCGUUC,0.2201333760683761,0.06392156139051039
>P63125|RandomWalk,UGGGCCAGUCAGGUCUCUGAGAAUCGGCCAGUUUGUAAGGCCAUUAUUCAGGGCAAGCAGUUCGAGGGGUUGGUCGACACCGGGGCCGACGUCUCGAUCAUUGCCCUGAAUCAGUGGCCUAAGAACUGGCCGAAGCAGAAGGCCGUGACUGGCCUUGUUGGAGUAGGCACGGCCUCAGAGGUUUAUCAGUCGACGGAGAUCCUGCACUGUCUGGGUCCUGAUAAUCAGGAGUCGACAGUGCAGCCGAUGAUCACGUCGAUUCCGUUGAACCUCUGGGGCCGUGACCUGCUCCAGCAGUGGGGAGCGGAGAUCACGAUGCCCGCCCCGCUGUAUAGCCCAACUUCGCAGAAGAUCAUGACGAAGAUGGGCUAUAUACCUGGUAAGGGUCUUGGCAAGAACGAGGACGGGAUUAAGAUUCCCGUCGAGGCCAAGAUCAACCAGAAGCGGGAGGGCAUCGGAUAUCCGUUC,0.21863653846153847,0.08370348540812239
>P63125|Ours,UGGGCCAGUCAGGUCUCUGAGAAUCGGCCAGUUUGUAAGGCCAUUAUUCAGGGCAAGCAGUUCGAGGGGUUGGUCGACACCGGGGCCGACGUCUCGAUCAUUGCCCUGAAUCAGUGGCCUAAGAACUGGCCGAAGCAGAAGGCCGUGACUGGCCUUGUUGGAGUAGGCACGGCCUCAGAGGUUUACCAGUCGACGGAGAUCCUGCACUGUCUGGGUCCUGAUAAUCAGGAGUCGACAGUGCAGCCGAUGAUCACGUCGAUUCCGUUGAACCUCUGGGGCCGUGACCUGCUCCAGCAAUGGGGAGCGGAGAUCACGAUGCCCGCCCCGCUGUAUAGCCCAACUUCGCAGAAGAUCAUGACGAAGAUGGGCUAUAUACCUGGUAAGGGUCUUGGCAAGAACGAAGACGGGAUAAAGAUUCCCGUCGAGGCCAAGAUCAACCAGAAGCGGGAGGGCAUCGGAUAUCCGUUC,0.2171174358974359,0.08812297725403953
>Q6XD76|LinearDesign,AUGGAGACUCGGAAGCCGGCGGAGCGCCUUGCUCUCCCCUACAGUCUGAGGACCGCUCCGCUCGGCGUUCCGGGGACACUGCCCGGGCUGCCCCGUCGAGACCCCCUGCGCGUGGCGCUCCGGCUCGAUGCCGCUUGCUGGGAGUGGGCUCGAUCGGGCUGUGCGCGGGGCUGGCAGUACCUGCCAGUCCCGCUGGACAGCGCGUUCGAGCCCGCGUUCCUACGCAAGCGGAACGAGCGGGAGCGCCAGCGGGUGCGUUGUGUGAACGAGGGCUACGCCCGCCUGCGUGACCACCUGCCUCGAGAGCUCGCUGACAAGCGGCUCUCGAAGGUGGAGACGCUGCGGGCGGCCAUCGAUUACAUAAAGCACCUGCAGGAGCUCCUGGAGCGCCAGGCGUGGGGUCUCGAGGGGGCAGCCGGGGCAGUGCCCCAGCGCCGAGCGGAGUGCAACUCAGACGGGGAGAGCAAGGCGUCGUCGGCUCCGAGUCCCAGCUCCGAGCCCGAGGAGGGCGGGAGC,0.1594502519379845,0.05301368139715065
>Q6XD76|RandomWalk,AUGGAGACUCGGAAGCCGGCGGAGCGCCUUGCUCUCCCCUACAGUCUGAGGACCGCUCCGCUCGGCGUUCCGGGGACACUGCCCGGGCUGCCCCGUCGAGACCCCCUGCGCGUGGCGCUCCGGCUCGAUGCCGCUUGCUGGGAGUGGGCUCGAUCGGGCUGUGCGCGGGGCUGGCAGUAUCUGCCAGUCCCGCUGGACAGCGCGUUCGAGCCCGCUUUCCUACGCAAGCGGAACGAGCGGGAGCGCCAGCGGGUGCGUUGUGUGAACGAGGGCUACGCCCGCCUGCGUGACCACCUGCCUCGAGAGCUCGCUGACAAGCGGCUCUCGAAGGUGGAGACGCUGCGGGCGGCCAUCGAUUACAUAAAGCACCUGCAGGAGCUCCUGGAGCGCCAGGCGUGGGGUCUCGAGGGGGCAGCCGGGGCAGUGCCCCAGCGCCGAGCGGAGUGCAACUCAGACGGGGAGAGCAAGGCGUCGUCGGCUCCGAGUCCCAGCUCCGAGCCCGAGGAGGGCGGGAGC,0.15943523255813957,0.05827713918030043
>Q6XD76|Ours,AUGGAGACUCGGAAGCCGGCGGAGCGCCUUGCUCUCCCCUACAGUCUGAGGACCGCUCCGCUCGGCGUUCCGGGGACACUGCCCGGGCUGCCCCGUCGAGACCCCCUGCGCGUGGCGCUCCGGCUCGAUGCCGCUUGCUGGGAGUGGGCUCGAUCGGGCUGUGCGCGGGGCUGGCAGUACCUGCCAGUCCCGCUGGACAGCGCGUUCGAGCCCGCUUUCCUACGCAAGCGGAACGAGCGGGAGCGCCAGCGGGUGCGUUGUGUGAACGAGGGCUACGCCCGCCUGCGUGACCACCUUCCUCGAGAGCUCGCUGACAAGCGGCUCUCGAAGGUGGAGACGCUGCGGGCGGCCAUCGAUUACAUAAAGCACCUGCAGGAGCUCCUGGAGCGCCAGGCGUGGGGUCUCGAGGGGGCAGCCGGGGCAGUGCCCCAGCGCCGAGCGGAGUGUAACUCAGACGGGGAGAGCAAGGCGUCGUCGGCUCCGAGUCCCAGCUCCGAGCCCGAGGAGGGCGGGAGC,0.1593168992248062,0.06664227822925421
>P0DMU9|LinearDesign,AUGACUGAUAAGACGGAGAAGGUCGCAGUGGACCCCGAGACCGUGUUCAAACGGCCUCGGGAGUGCGACUCUCCGUCUUAUCAGAAGAGGCAGCGGAUGGCGUUGCUGGCCCGCAAGCAGGGGGCCGGCGACAGCCUGAUCGCGGGGUCCGCCAUGAGCAAGGAGAAGAAGCUCAUGACGGGCCACGCGAUCCCUCCUUCACAGCUUGACAGUCAGAUCGAUGAUUUCACUGGCUUUUCGAAGGACGGCAUGAUGCAGAAGCCGGGAAGCAAUGCCCCGGUAGGCGGGAACGUCACCAGUAACUUCUCUGGUGACGAUCUCGAAUGCCGGGGCAUUGCUUCCUCCCCGAAGAGCCAGCAGGAGAUCAACGCUGACAUCAAGUGUCAAGUUGUGAAGGAGAUCCGCUGCCUCGGUCGUAAGUAUGAGAAGAUUUUUGAGAUGCUUGAGGGAGUCCAGGGGCCGACUGCAGUGCGCAAGCGCUUCUUUGAGAGCAUCAUCAAAGAAGCGGCGCGCUGCAUGCGGCGGGACUUCGUCAAGCAUCUCAAGAAGAAGCUCAAGCGUAUGAUC,0.21828239858906526,0.049451646044364805
>P0DMU9|RandomWalk,AUGACUGAUAAGACGGAGAAGGUCGCAGUCGAUCCCGAGACCGUGUUUAAACGGCCUCGGGAGUGCGACUCUCCGUCUUAUCAGAAGAGGCAGCGGAUGGCGUUGCUGGCCCGCAAGCAGGGGGCCGGCGACAGCCUGAUCGCGGGGUCCGCCAUGAGCAAGGAGAAGAAGCUCAUGACGGGCCACGCGAUCCCUCCUUCACAGCUUGACAGUCAGAUCGAUGAUUUCACUGGCUUUUCGAAGGACGGCAUGAUGCAAAAGCCGGGAAGCAAUGCCCCGGUAGGCGGGAACGUCACCAGUAAUUUCUCUGGUGACGAUCUCGAAUGCCGGGGCAUUGCUUCCUCCCCGAAGAGCCAGCAGGAGAUCAACGCUGACAUCAAGUGUCAAGUUGUGAAGGAGAUCCGCUGCCUCGGUCGUAAGUAUGAGAAGAUUUUUGAGAUGCUUGAGGGAGUCCAGGGGCCGACUGCAGUGCGCAAGCGCUUCUUUGAGAGCAUCAUCAAAGAAGCGGCGCGCUGCAUGCGGCGGGACUUCGUCAAGCAUCUCAAGAAGAAGCUCAAGCGUAUGAUC,0.21769153439153438,0.053725900217632766
>P0DMU9|Ours,AUGACUGAUAAGACGGAGAAGGUCGCAGUCGAUCCCGAGACCGUGUUCAAACGGCCUCGGGAGUGCGACUCUCCGUCUUAUCAGAAGAGGCAGCGGAUGGCGUUGCUGGCCCGCAAGCAGGGGGCCGGCGACAGCCUGAUCGCGGGGUCCGCCAUGAGCAAGGAGAAGAAGCUCAUGACGGGCCACGCGAUCCCUCCUUCACAGCUUGACAGUCAGAUCGAUGAUUUCACUGGCUUUUCGAAGGACGGCAUGAUGCAAAAGCCGGGAAGCAAUGCCCCGGUAGGCGGGAACGUCACCAGUAAUUUUUCUGGUGACGAUCUCGAAUGCCGGGGCAUUGCUUCCUCCCCGAAGAGCCAGCAGGAGAUCAACGCUGACAUCAAGUGUCAAGUUGUGAAGGAGAUCCGCUGCCUCGGUCGUAAGUAUGAGAAGAUUUUUGAGAUGCUUGAGGGAGUCCAGGGGCCGACUGCAGUGCGCAAGCGCUUCUUUGAGAGUAUCAUCAAAGAAGCGGCGCGCUGCAUGCGGCGGGACUUCGUCAAGCAUCUCAAGAAGAAGCUCAAGCGUAUGAUC,0.21750557319223987,0.054656840226705194
>P0DPF6|LinearDesign,AUGUUCGUGCGGCCGGAGUCCGGAGAGCAAGGCCCGGAGACGCUGGCUCCAGCGAGCGGGGCCGAGAUCCAGCGGUUCCCGGUUCCGGCGGUUGAGCCUGUGCCGGCCCCGGGCGCCGACAGCCCCCCCGGGACGGCUCUGGAGCUUGAGGAAGCUCCAGAGCCGUCCUGUCGGUGCCCGGGGACGGCACAGGAUCAGCCGUCGGAGGAGCUGCCGGAUUUCAUGGCCCCGCCGGUGGAGCCACCAGCUUCCGCUCUGGAGCUCAAGGUCUGGCUGGAGUUGGAAGUUGCUGAGAGGGGGGGGCAGCACUCCUCCUCUCAGCAGCUUCCACACUGCAGCCAGUCUUGGGCUCAGUGGAAGCUGUGGCGCCAGCGUCCGGGCUUUGCUAUCUGGGCUCCGCUGCCGCACUGGCGGGGGACGAGCCUGAUCCAGCAGAGCUCGUCCCCCGCCGCAGAGGGCCCAGCUGCCACAGCUGCGGGCGCCGUCUGUCUCCCGGCGGGGGGGGCCGGCGAGCAGGAGAAGGAGCCCGUGAGCCGGGGGAGCUCACGGAGCUCCUGCUCCCAGCGCCGGCCCCCCCCGCCGGGGAUGGAGGUGUGCCCGCAGCUGGGCAUCUGGGCCAUCUGCCCG,0.14728909090909093,0.047313662594644305
>P0DPF6|RandomWalk,AUGUUCGUGCGGCCGGAGUCCGGAGAGCAAGGCCCGGAGACGCUGGCUCCAGCGAGCGGGGCCGAGAUCCAGCGGUUCCCGGUUCCGGCGGUUGAGCCUGUGCCGGCCCCGGGCGCCGACAGCCCGCCCGGGACGGCUCUGGAGCUUGAGGAAGCUCCAGAGCCGUCCUGUCGGUGCCCGGGGACGGCACAGGAUCAGCCGUCGGAGGAGCUGCCGGAUUUCAUGGCCCCGCCGGUGGAGCCACCAGCUUCCGCUCUUGAGCUCAAGGUCUGGCUGGAGUUGGAAGUUGCUGAGAGGGGGGGGCAGCACUCCUCCUCUCAGCAGCUUCCACACUGCAGCCAGUCUUGGGCUCAGUGGAAGCUGUGGCGCCAGCGUCCGGGCUUUGCUAUCUGGGCUCCGCUGCCGCACUGGCGGGGGACGAGCCUGAUCCAGCAGAGCUCGUCCCCCGCCGCAGAGGGCCCAGCUGCCACAGCUGCGGGCGCCGUCUGUCUCCCGGCGGGGGGGGCCGGCGAGCAGGAGAAGGAGCCCGUGAGCCGGGGGAGCUCACGGAGCUCCUGCUCCCAGCGCCGGCCCCCCCCGCCGGGGAUGGAGGUGUGCCCGCAGCUGGGCAUCUGGGCCAUCUGCCCG,0.14721387559808613,0.04983665821105043
>P0DPF6|Ours,AUGUUCGUGCGGCCGGAGUCCGGAGAGCAAGGCCCGGAGACGCUGGCUCCAGCGAGCGGGGCCGAGAUCCAGCGGUUCCCGGUUCCGGCGGUUGAGCCUGUGCCGGCCCCGGGCGCCGACAGCCCCCCCGGGACGGCUCUGGAGCUUGAGGAAGCUCCAGAGCCGUCCUGUCGGUGCCCGGGGACGGCACAGGAUCAGCCGUCGGAGGAACUGCCGGAUUUCAUGGCCCCGCCGGUGGAGCCACCAGCUUCCGCUCUUGAGCUCAAGGUCUGGCUGGAGUUGGAAGUUGCUGAGAGGGGGGGGCAACACUCCUCCUCUCAGCAGCUUCCACACUGCAGCCAGUCUUGGGCUCAGUGGAAGCUGUGGCGCCAGCGUCCGGGCUUUGCUAUCUGGGCUCCGCUGCCGCACUGGCGGGGGACGAGCCUGAUCCAGCAGAGCUCGUCCCCCGCGGCAGAGGGCCCAGCUGCCACAGCUGCGGGCGCCGUCUGUCUCCCGGCGGGGGGGGCCGGCGAGCAGGAGAAGGAGCCCGUGAGCCGGGGGAGCUCACGGAGCUCCUGCUCCCAGCGCCGGCCCCCCCCGCCGGGGAUGGAGGUGUGCCCGCAGCUGGGCAUCUGGGCCAUCUGCCCG,0.1465337639553429,0.050791042797797135
>Q9HD15|LinearDesign,AUGGCCGAGCUGUACGUGAAGCCCGGGAACAAGGAGCGGGGGUGGAACGAUCCACCCCAGUUCUCGUAUGGUCUGCAGACGCAGGCCGGCGGUCCUCGUCGCAGCCUCCUCACUAAGCGGGUGGCCGCUCCUCAGGAUGGGUCUCCGCGUGUGCCCGCGAGCGAGACUUCUCCAGGGCCUCCUCCAAUGGGGCCGCCGCCGCCGUCCUCCAAGGCCCCUCGCUCUCCACCGGUAGGAAGUGGGCCCGCCUCGGGGGUGGAGCCCACUUCCUUCCCGGUGGAGAGCGAGGCGGUCAUGGAGGACGUGCUGCGGCCCCUGGAGCAGGCCCUGGAGGAUUGCCGCGGGCACACGCGGAAGCAGGUGUGCGACGACAUUUCCCGCCGGCUCGCGCUCCUGCAGGAGCAGUGGGCCGGCGGGAAGUUGUCCAUACCUGUCAAGAAGCGCAUGGCGCUUCUUGUGCAGGAGCUUAGCUCCCACCGCUGGGACGCCGCCGAUGACAUCCACCGUAGCCUUAUGGUGGACCAUGUCACGGAGGUGUCCCAGUGGAUGGUGGGAGUUAAGCGACUCAUCGCUGAGAAGCGGUCCCUGUUUAGUGAGGAGGCUGCGAACGAGGAGAAGUCGGCCGCGACUGCAGAGAAGAACCAUACGAUCCCGGGCUUCCAGCAGGCCAGC,0.15013601190476192,0.05291066598012026
>Q9HD15|RandomWalk,AUGGCCGAGCUGUACGUGAAGCCCGGGAACAAGGAGCGGGGGUGGAAUGAUCCACCCCAGUUCUCGUAUGGUCUGCAGACGCAGGCCGGCGGUCCUCGUCGCAGCCUCCUCACUAAGCGGGUGGCCGCUCCUCAGGAUGGGUCUCCGCGUGUGCCCGCGAGCGAGACUUCUCCAGGGCCUCCUCCAAUGGGGCCGCCGCCGCCGUCCUCCAAGGCCCCUCGCUCUCCACCGGUGGGAAGUGGGCCCGCCUCAGGGGUGGAGCCCACUUCCUUCCCGGUGGAGAGCGAGGCGGUCAUGGAGGACGUGCUGCGGCCCCUGGAGCAGGCCCUGGAGGAUUGCCGCGGGCACACGCGGAAGCAGGUGUGCGACGACAUUUCCCGCCGGCUCGCGCUCCUGCAGGAGCAGUGGGCCGGCGGGAAGUUGUCCAUACCUGUCAAGAAGCGCAUGGCGCUUCUUGUCCAGGAGCUUAGCUCCCACCGCUGGGACGCCGCCGAUGACAUCCACCGUAGCCUUAUGGUGGAUCAUGUCACGGAGGUGUCCCAGUGGAUGGUGGGAGUUAAGCGACUCAUCGCUGAGAAGCGGUCCCUGUUUAGUGAGGAGGCUGCGAACGAGGAGAAGUCGGCCGCGACUGCAGAGAAGAACCAUACGAUCCCGGGCUUCCAGCAGGCCAGC,0.14997870535714286,0.05538527895341102
>Q9HD15|Ours,AUGGCCGAGCUGUAUGUGAAGCCCGGGAAUAAGGAACGGGGGUGGAACGAUCCACCCCAGUUCUCGUAUGGUCUGCAGACGCAGGCCGGCGGUCCUCGUCGCAGCCUCCUCACUAAACGGGUGGCCGCUCCUCAGGAUGGGUCUCCGCGUGUGCCCGCGAGCGAGACUUCUCCAGGGCCUCCUCCAAUGGGGCCGCCGCCACCGUCCUCCAAGGCCCCUCGCUCUCCACCGGUAGGAAGUGGGCCCGCCUCGGGGGUGGAGCCCACUUCCUUCCCGGUGGAGAGCGAGGCGGUCAUGGAGGACGUGCUGCGGCCCCUGGAGCAGGCCCUGGAGGAUUGCCGCGGGCACACGCGGAAGCAGGUGUGCGACGACAUUUCCCGCCGGCUCGCGCUCCUGCAGGAGCAGUGGGCCGGCGGGAAGUUGUCCAUACCUGUCAAGAAGCGCAUGGCGCUUCUUGUGCAGGAGCUUAGCUCCCACCGCUGGGACGCCGCCGAUGACAUCCACCGUAGUCUUAUGGUGGAUCAUGUCACGGAGGUGUCCCAGUGGAUGGUGGGAGUUAAGCGACUCAUCGCUGAGAAGCGGUCCCUGUUUAGUGAGGAGGCUGCGAACGAGGAGAAGUCGGCCGCGACUGCAGAGAAGAACCAUACGAUCCCGGGCUUCCAGCAGGCCAGU,0.14953174107142858,0.055498717403829556
>Q6T310|LinearDesign,AUGCGGCCGCUCUCCAUGAGCGGACAUUUCCUGCUCGCCCCGAUCCCCGAGAGCUCCAGCGAUUACCUUCUGCCGAAGGAUAUCAAGCUGGCAGUUCUCGGGGCGGGGCGAGUAGGAAAGUCCGCCAUGAUCGUACGUUUUCUGACGAAGAGAUUUAUCGGGGACUACGAGCCCAACACGGGCAAGCUGUAUUCCCGUCUUGUGUAUGUCGAGGGUGAUCAGCUGAGCCUUCAGAUUCAGGAUACACCUGGGGGUGUGCAGAUACAGGACAGCCUGCCUCAGGUAGUUGACUCGUUGUCCAAGUGCGUGCAGUGGGCCGAGGGUUUUCUCUUGGUCUACAGCAUCACGGACUACGACAGCUACCUGAGCAUCAGGCCCCUGUAUCAGCACAUCCGCAAGGUGCAUCCUGAUUCGAAGGCUCCGGUGAUCAUCGUCGGCAACAAGGGGGACCUGCUGCACGCGCGGCAGGUCCAGACACAAGACGGGAUACAGCUUGCCAACGAGUUGGGCUCGUUGUUCCUGGAGAUCUCUACGUCAGAGAACUACGAGGACGUCUGUGACGUCUUCCAGCACCUCUGCAAAGAGGUGUCGAAGAUGCACGGACUGUCCGGAGAGCGGCGGCGUGCGUCGAUCAUCCCAAGGCCGCGGAGCCCUAACAUGCAGGACUUGAAGCGCCGCUUCAAGCAGGCGCUGAGUCCUAAGGUUAAGGCUCCGUCGGCCUUGGGA,0.1673387878787879,0.05820492689615832
>Q6T310|RandomWalk,AUGCGGCCGCUCUCCAUGAGCGGACAUUUCCUGCUCGCCCCGAUCCCCGAGAGCUCCAGCGAUUACCUUCUGCCGAAGGAUAUCAAGCUGGCAGUUCUCGGGGCGGGGCGAGUAGGAAAGUCCGCCAUGAUCGUACGUUUUCUGACGAAGAGAUUUAUCGGGGACUACGAGCCCAACACGGGCAAGCUGUAUUCCCGUCUUGUGUAUGUCGAGGGUGAUCAGCUGAGCCUUCAGAUUCAGGAUACACCUGGGGGUGUGCAGAUACAGGACAGCCUGCCUCAGGUAGUUGACUCGUUGUCCAAGUGUGUGCAGUGGGCCGAGGGUUUUCUCUUGGUCUACAGCAUCACGGACUACGACAGCUACCUGAGCAUCAGGCCCCUGUAUCAGCACAUCCGCAAGGUGCAUCCUGAUUCGAAGGCUCCGGUGAUCAUCGUCGGCAACAAGGGGGACCUGCUGCACGCGCGGCAGGUCCAGACACAAGACGGGAUACAGCUUGCCAACGAGUUGGGCUCGUUGUUCCUGGAGAUCUCUACGUCAGAGAACUACGAGGACGUCUGUGACGUCUUCCAGCACCUCUGCAAAGAGGUGUCGAAGAUGCACGGACUGUCCGGAGAGCGGCGGCGUGCGAGCAUCAUCCCAAGGCCGCGGAGCCCUAACAUGCAGGACUUAAAGCGCCGCUUCAAGCAGGCGCUGAGUCCUAAGGUUAAGGCUCCGUCGGCCUUGGGA,0.16756061983471074,0.06292088854052509
>Q6T310|Ours,AUGCGGCCGCUCUCCAUGAGCGGACAUUUCCUGCUCGCCCCGAUCCCCGAGAGCAGCAGCGAUUACCUUCUGCCGAAGGAUAUCAAGCUGGCUGUUCUCGGGGCGGGGCGAGUAGGAAAGUCCGCCAUGAUCGUACGUUUUCUGACGAAGAGAUUUAUCGGGGACUACGAGCCCAACACGGGCAAGCUGUAUUCCCGUCUUGUGUAUGUCGAGGGUGAUCAGCUGAGCCUUCAGAUUCAGGAUACACCUGGGGGUGUGCAGAUACAGGACAGCCUGCCUCAGGUAGUUGAUUCGUUGUCCAAGUGUGUGCAGUGGGCCGAGGGUUUUCUCUUGGUCUACAGCAUCACGGACUACGACAGCUACCUGAGCAUCAGGCCCCUGUAUCAGCACAUCCGCAAGGUGCAUCCUGAUUCGAAGGCUCCGGUGAUCAUCGUCGGCAAUAAGGGGGACCUGCUGCACGCGCGGCAGGUCCAGACACAAGACGGGAUACAGCUUGCCAACGAGUUGGGCUCGUUGUUCCUGGAGAUCUCUACGUCAGAGAACUACGAGGACGUCUGUGACGUCUUCCAGCACCUCUGCAAAGAGGUGUCGAAGAUGCACGGACUGUCCGGAGAGCGGCGGCGUGCGAGCAUCAUCCCAAGGCCGCGGAGCCCUAACAUGCAGGACUUGAAGCGCCGCUUUAAGCAGGCGCUCAGUCCUAAGGUUAAGGCUCCGUCGGCCUUGGGA,0.1673284297520661,0.07022190435372654
>Q9BRP0|LinearDesign,AUGCCGAAGGUCUUCCUCGUUAAGCGACGUAGUCUCGGGGUGAGCGUUCGGAGCUGGGACGAGCUCCCCGACGAGAAGAGGGCCGACACGUACAUUCCGGUAGGCCUCGGGCGGCUCUUGCAUGACCCGCCCGAGGACUGCCGGAGUGACGGUGGGUCCUCUUCUGGGUCGGGGAGCUCGUCCGCGGGGGAGCCCGGGGGGGCCGAGUCGUCCUCGUCCCCCCACGCUCCGGAGUCGGAGACUCCGGAGCCGGGGGACGCGGAGGGCCCCGAUGGCCACCUCGCCACGAAGCAGCGUCCCGUCGCCCGUAGUAAAAUCAAGUUUACUACGGGUACGUGUAGUGACUCUGUUGUACACUCGUGCGAUCUUUGUGGGAAGGGAUUCCGGCUGCAGCGCAUGCUGAACAGGCACUUGAAGUGCCACAAUCAGGUCAAGCGUCAUCUUUGCACCUUUUGCGGCAAAGGGUUCAAUGAUACGUUUGACCUGAAGCGACACGUUCGCACUCAUACGGGCAUCCGCCCGUAUAAGUGCAACGUGUGCAACAAGGCGUUCACGCAGCGCUGCAGCCUGGAGUCCCAUCUCAAGAAGAUCCACGGUGUGCAGCAGCAGUACGCGUACAAGCAGCGACGGGACAAGCUGUACGUGUGCGAGGACUGUGGCUAUACGGGGCCCACACAGGAGGACCUGUACCUCCAUGUGAACUCGGCCCACCCGGGCUCCUCCUUCCUGAAGAAGACCAGCAAGAAGCUUGCUGCUCUUCUUCAGGGAAAGCUCACGAGCGCUCACCAAGAGAAUACGUCGCUUAGCGAGGAAGAGGAGCGGAAG,0.1741126787878788,0.050889197741469265
>Q9BRP0|RandomWalk,AUGCCGAAGGUCUUCCUCGUUAAGCGACGUAGUCUCGGGGUGAGCGUUCGGAGCUGGGACGAGCUCCCCGACGAGAAGAGGGCCGACACGUACAUUCCGGUAGGCCUCGGGCGGCUCUUGCAUGACCCGCCCGAGGACUGCCGGAGUGACGGUGGGUCCUCUUCUGGGUCGGGGAGCUCGUCCGCGGGGGAGCCCGGGGGGGCCGAGUCCUCCUCGUCCCCCCACGCUCCGGAGUCGGAGACUCCGGAGCCGGGGGACGCGGAGGGCCCCGAUGGCCACCUCGCCACGAAGCAGCGUCCCGUCGCCCGUAGUAAAAUCAAGUUUACUACGGGUACGUGUAGUGACUCUGUUGUACACUCGUGCGAUCUUUGUGGGAAGGGAUUCCGGCUGCAGCGCAUGCUGAACAGGCACUUGAAGUGCCACAAUCAGGUCAAGCGUCAUCUUUGCACCUUUUGCGGCAAAGGGUUCAAUGAUACGUUUGACCUGAAGCGACACGUUCGCACUCAUACGGGCAUCCGCCCGUAUAAGUGCAACGUGUGCAACAAGGCGUUCACGCAGCGCUGCAGCCUGGAGUCCCAUCUCAAGAAGAUCCACGGUGUGCAGCAGCAGUACGCGUACAAGCAGCGACGGGACAAGCUGUACGUGUGCGAGGACUGUGGCUAUACGGGGCCCACACAGGAGGAUCUGUACCUCCAUGUGAACUCGGCCCACCCGGGCUCCUCCUUCCUGAAGAAGACCAGCAAGAAGCUUGCUGCUCUUCUUCAGGGAAAGCUCACGAGCGCUCACCAAGAGAAUACGUCGCUUAGCGAGGAAGAGGAGCGGAAG,0.17409403636363635,0.05757177070763412
>Q9BRP0|Ours,AUGCCGAAGGUCUUCCUCGUUAAGCGACGUAGUCUCGGGGUGAGCGUUCGGAGCUGGGACGAGCUCCCCGACGAGAAGAGGGCCGACACGUACAUUCCGGUAGGCCUCGGGCGGUUGUUGCACGACCCGCCCGAGGACUGCCGGAGUGACGGUGGGUCCUCUUCUGGGUCGGGGAGCUCGUCCGCGGGGGAGCCCGGGGGGGCCGAGUCCUCCUCGUCCCCCCACGCUCCGGAGUCGGAGACUCCGGAGCCGGGGGACGCGGAGGGCCCCGAUGGCCACCUCGCCACGAAGCAGCGUCCCGUCGCCCGUAGUAAAAUCAAGUUUACUACGGGUACGUGUAGUGACUCUGUUGUACACUCGUGUGAUCUUUGUGGGAAGGGAUUCCGGCUGCAGCGCAUGCUGAACCGGCACUUGAAGUGCCAUAAUCAGGUCAAGCGUCAUCUUUGUACCUUUUGCGGCAAAGGGUUCAAUGAUACGUUUGACCUGAAGCGACACGUUCGCACUCAUACGGGCAUCCGCCCGUAUAAGUGCAACGUGUGCAACAAGGCGUUCACGCAGCGCUGCAGCCUGGAGUCCCAUCUCAAGAAGAUCCACGGUGUGCAGCAGCAGUACGCGUACAAGCAGCGACGGGACAAGCUGUACGUGUGCGAGGAUUGUGGCUAUACGGGGCCCACACAGGAGGAUUUAUACCUCCAUGUGAACUCGGCCCACCCGGGCUCCUCCUUCCUGAAGAAGACCAGCAAGAAGCUUGCUGCUCUUCUUCAGGGAAAGCUCACGAGCGCUCACCAAGAGAAUACGUCGCUUAGCGAGGAAGAGGAGCGGAAG,0.16905932121212122,0.0661504198877997
>P56178|LinearDesign,AUGACUGGUGUGUUCGAUCGGCGGGUGCCGAGCAUCCGGAGUGGUGACUUUCAGGCUCCGUUCCAGACCUCUGCGGCUAUGCACCAUCCGUCUCAGGAAUCUCCUACUCUGCCUGAGUCGUCGGCGACGGAUUCCGAUUAUUACUCCCCGACUGGUGGUGCGCCGCACGGGUACUGUAGUCCGACGUCGGCCUCGUACGGUAAGGCCCUGAACCCGUAUCAGUACCAGUACCAUGGUGUGAACGGGUCGGCAGGGUCUUACCCUGCGAAGGCCUACGCGGACUACAGCUACGCGUCGUCGUACCACCAGUACGGGGGGGCGUAUAAUCGGGUUCCGUCGGCGACGAAUCAGCCAGAGAAGGAGGUGACUGAGCCGGAGGUGCGUAUGGUCAAUGGAAAGCCGAAGAAGGUCCGCAAGCCGAGGACGAUCUAUUCGUCCUUCCAGCUUGCGGCCCUUCAGCGGCGUUUCCAGAAGACCCAGUAUCUCGCACUGCCGGAGAGGGCGGAGCUGGCUGCAAGCCUGGGGCUCACUCAGACGCAGGUGAAGAUCUGGUUCCAGAACAAGCGUUCUAAGAUCAAGAAGAUCAUGAAGAACGGUGAGAUGCCGCCAGAGCAUUCACCUUCGUCGAGUGACCCCAUGGCUUGCAACAGCCCGCAAUCUCCGGCAGUGUGGGAGCCGCAGGGGUCUUCGCGGAGCCUGAGUCACCACCCGCAUGCGCACCCGCCGACGAGCAACCAGUCACCAGCGAGCUCGUACCUGGAGAAUAGUGCGAGUUGGUACACUAGCGCGGCUAGUAGUAUCAACUCGCACUUGCCUCCACCGGGCUCGCUGCAGCACCCGCUGGCGCUGGCCAGCGGGACGCUGUAC,0.18992768166089966,0.05516221015022711
>P56178|RandomWalk,AUGACUGGUGUGUUCGAUCGGCGGGUGCCGAGCAUCCGGAGUGGUGACUUUCAGGCUCCGUUCCAGACCUCUGCGGCUAUGCACCAUCCGUCUCAGGAAUCUCCUACUCUGCCUGAGUCGUCGGCGACGGAUUCCGAUUAUUACUCCCCGACUGGUGGUGCGCCGCACGGGUACUGUAGUCCGACGUCGGCCUCGUACGGUAAGGCCCUGAACCCGUAUCAGUACCAGUACCAUGGUGUGAACGGGUCGGCAGGGUCUUACCCUGCGAAGGCCUACGCGGACUACAGUUACGCGUCGUCGUACCACCAGUACGGGGGGGCGUAUAAUCGGGUUCCGUCGGCGACGAAUCAGCCAGAGAAGGAGGUGACUGAGCCGGAGGUGCGUAUGGUCAAUGGAAAGCCGAAGAAGGUCCGCAAGCCGAGGACGAUCUAUUCGUCCUUCCAGCUUGCGGCCCUUCAGCGGCGUUUCCAGAAGACCCAGUAUCUCGCACUGCCGGAGAGGGCGGAGCUGGCUGCAAGCCUGGGGCUCACUCAGACGCAGGUGAAGAUCUGGUUCCAGAACAAGCGUUCUAAGAUCAAGAAGAUCAUGAAGAACGGUGAGAUGCCGCCAGAGCAUUCACCUUCGUCGAGUGACCCCAUGGCUUGCAACAGCCCGCAAUCUCCGGCAGUGUGGGAGCCGCAGGGGUCUUCGCGGAGCCUGAGUCACCACCCGCAUGCGCACCCGCCGACGAGCAACCAGUCACCAGCGAGCUCGUACCUGGAGAAUAGUGCGAGUUGGUACACUAGCGCGGCUAGUAGUAUCAACUCGCACUUGCCUCCACCGGGCUCGCUGCAGCACCCGCUGGCGCUGGCCAGCGGGACGCUGUAC,0.19004046136101502,0.05841515517353415
>P56178|Ours,AUGACUGGUGUGUUCGAUCGGCGGGUGCCGAGCAUCCGGAGUGGUGACUUUCAGGCUCCGUUUCAGACCUCUGCGGCUAUGCACCAUCCGUCUCAGGAAUCUCCUACUCUGCCUGAGUCGUCGGCGACGGAUUCCGAUUAUUACUCCCCGACUGGUGGUGCGCCGCACGGGUACUGUAGUCCGACGUCGGCCUCGUAUGGUAAGGCCCUGAACCCGUAUCAAUACCAGUACCAUGGUGUGAACGGGUCUGCAGGGUCUUACCCUGCGAAGGCCUACGCGGACUACAGUUACGCGUCGUCGUACCACCAGUACGGGGGGGCGUAUAAUCGGGUUCCGUCGGCGACGAAUCAGCCAGAGAAGGAGGUGACUGAGCCGGAGGUGCGUAUGGUCAAUGGAAAGCCGAAGAAGGUCCGCAAGCCGAGGACGAUCUAUUCGUCCUUCCAGCUUGCGGCCCUUCAGCGGCGUUUCCAGAAGACCCAGUAUCUCGCACUGCCGGAGAGGGCGGAGCUGGCUGCAAGCCUGGGGCUCACUCAGACGCAGGUGAAGAUCUGGUUCCAGAACAAGCGUUCUAAGAUCAAGAAGAUCAUGAAGAACGGUGAGAUGCCGCCAGAGCAUUCACCUUCGUCGAGUGACCCCAUGGCUUGCAACAGCCCGCAAUCUCCGGCAGUGUGGGAGCCGCAGGGGUCUUCGCGGAGCCUGAGUCACCACCCGCAUGCGCACCCGCCGACGAGCAACCAGUCACCAGCGAGCUCGUAUUUGGAGAAUAGUGCGAGUUGGUACACUAGCGCGGCUAGUAGUAUCAACUCGCACUUGCCUCCACCGGGCUCGCUGCAGCACCCGCUGGCGUUGGCCAGCGGGACGCUGUAC,0.18968256055363325,0.06131756920836825
>Q8NH87|LinearDesign,AUGCAGCGGAGUAACCACACGGUUACGGAGUUUAUACUGCUGGGGUUCACCACAGAUCCAGGAAUGCAGCUCGGGUUGUUCGUGGUGUUCUUGGGGGUGUACAGUCUAACUGUCGUUGGGAACAGCACGUUGAUCGUGCUGAUUUGCAACGACAGUUGUCUGCACACCCCCAUGUACUUCUUCACGGGCAACCUGAGCUUCCUGGAUCUGUGGUACUCCAGCGUGUAUACUCCGAAGAUACUGGUCACAUGCAUCAGCGAGGAUAAGUCGAUAUCCUUCGCUGGAUGCUUGUGCCAGUUCUUCUUCAGCGCCGGCCUUGCGUACUCCGAGUGCUACUUGUUGGCAGCAGUGGCGUAUGACAGGUACGUGGCCAUAUCAAAGCCGCUGCUGUAUGCACAGGCGAUGUCAAUCAAGUUGUGCGCAUUGCUUGUAGCCGUCUCUUACUGCGGCGGCUUCAUCAACAGCAGCAUAAUCACGAAGAAGACGUUCAGUUUUAAUUUCUGCCGAGAGAAUAUAAUUGACGACUUCUUCUGUGAUUUGCUGCCGUUGGUGGAGCUCGCCUGCGGUGAGAAGGGCGGCUACAAGAUAAUGAUGUACUUCUUGUUGGCAUCGAAUGUGAUAUGCCCAGCGGUUUUGAUACUGGCCUCGUACCUGUUCAUCAUUACGUCAGUGCUGCGGAUAAGUAGCAGUAAGGGGUACCUCAAGGCCUUCUCGACCUGUAGUAGUCACCUGACCUCGGUGACUCUGUACUACGGGUCGAUCCUUUACAUCUAUGCUCUGCCAAGGAGUAGUUACAGUUUCGACAUGGAUAAGAUCGUCAGUACGUUCUAUACUGUGGUCUUUCCCAUGUUGAAUCUGAUGAUCUACUCCUUGCGGAACAAGGAUGUGAAGGAGGCGCUGAAGAAGCUGCUGCCG,0.17138113661202184,0.09277020264686148
>Q8NH87|RandomWalk,AUGCAGCGGUCUAACCACACGGUUACGGAGUUUAUACUGCUGGGGUUUACCACAGAUCCAGGAAUGCAGCUCGGGUUGUUCGUGGUGUUCUUGGGGGUGUACAGUCUAACUGUCGUUGGGAACAGCACGUUGAUCGUGCUGAUUUGCAACGACAGUUGUCUGCACACCCCCAUGUACUUCUUCACGGGCAACCUGAGCUUCCUGGAUCUGUGGUACUCCAGCGUGUAUACUCCGAAGAUACUGGUCACAUGCAUCAGCGAGGAUAAGUCGAUAUCCUUCGCUGGAUGCUUGUGCCAGUUCUUCUUCAGCGCCGGCCUUGCGUACUCCGAGUGCUACUUGUUGGCAGCAGUGGCGUAUGACAGGUACGUGGCCAUAUCAAAGCCGCUGCUGUAUGCACAGGCGAUGUCAAUCAAGUUGUGCGCAUUGCUUGUAGCCGUCUCUUACUGCGGCGGCUUCAUCAACAGCAGCAUAAUCACGAAGAAGACGUUCAGUUUUAAUUUCUGCCGAGAGAAUAUAAUUGACGACUUCUUCUGUGAUUUGCUGCCGUUGGUGGAGCUCGCCUGCGGUGAGAAGGGCGGCUACAAGAUAAUGAUGUACUUCUUGUUGGCAUCGAAUGUGAUAUGCCCAGCGGUUUUGAUACUGGCCUCGUACCUGUUCAUCAUUACGUCAGUGCUGCGGAUAAGUAGCAGUAAGGGGUACCUCAAGGCCUUCUCGACCUGUAGUAGUCACCUGACCUCGGUGACUCUGUACUACGGGUCGAUCCUUUACAUCUAUGCUCUGCCAAGGAGUAGUUACAGUUUCGACAUGGAUAAGAUCGUCAGUACGUUCUAUACUGUGGUCUUUCCCAUGUUGAAUCUGAUGAUCUACUCCUUGCGGAACAAGGAUGUGAAGGAGGCGCUGAAGAAGCUGCUGCCA,0.16921232786885243,0.09856109723423319
>Q8NH87|Ours,AUGCAGCGGUCUAACCACACGGUUACGGAGUUUAUACUGCUGGGGUUUACCACAGAUCCAGGAAUGCAGCUCGGGUUGUUCGUGGUGUUCUUGGGGGUGUACAGUCUAACUGUCGUUGGGAACAGCACGUUGAUCGUGCUGAUUUGCAACGACAGUUGUCUGCACACCCCCAUGUACUUCUUCACGGGCAACCUGAGCUUCCUGGAUCUGUGGUACUCCAGCGUGUAUACUCCGAAGAUACUGGUCACAUGCAUCAGCGAGGAUAAGAGCAUAUCCUUCGCUGGAUGCUUGUGCCAGUUCUUCUUCAGCGCCGGCCUUGCGUACUCCGAGUGCUACUUAUUGGCAGCAGUGGCGUAUGACAGGUACGUGGCCAUAUCAAAGCCGCUGUUGUAUGCACAGGCGAUGUCAAUCAAGUUGUGCGCAUUGCUUGUAGCCGUCUCUUACUGCGGCGGCUUCAUCAACAGCAGCAUAAUCACGAAGAAGACGUUCAGUUUUAAUUUCUGUAGAGAGAAUAUAAUUGACGACUUCUUCUGUGAUUUGCUGCCGUUGGUGGAGCUCGCCUGCGGUGAGAAGGGCGGCUACAAGAUAAUGAUGUACUUCUUGUUGGCAUCGAAUGUGAUAUGCCCAGCGGUUUUGAUAUUGGCCUCGUACCUGUUCAUCAUUACGUCAGUGCUGCGGAUAAGUAGCAGUAAGGGGUACCUCAAGGCCUUUUCGACCUGUAGUAGUCACCUGACGUCGGUGACUCUCUACUACGGGUCGAUCCUUUACAUCUAUGCUCUGCCAAGGAGUAGUUACAGUUUCGACAUGGAUAAGAUCGUCAGUACGUUCUAUACUGUGGUCUUUCCCAUGUUGAAUCUGAUGAUCUACUCCUUGCGGAACAAGGAUGUGAAGGAGGCGCUGAAGAAGCUGCUGCCU,0.16926516939890712,0.10256012777853915
>Q8NGU1|LinearDesign,AUGUUGGGCAACUAUAGCAGUGCUACUGAGUUCUUUCUGCUUGGGUUUCCGGGCAGUCAAGAGGUCUGCCGUAUCCUGUUCGCCACGUUCUUUCUGCUGUACGCCGUGACGGUGAUGGGGAACGUCGUCAUCAUCAUCACGGUGUGCGUAGACAAGUGCCUGCAAUCGCCAAUUUACUUCUUUCUGGGCCAUCUCUGCGUCCUCGAGAUUCUGAUAACAAGUACAGCUGUGCCGUUCAUGCUGUGGGGCUUAUUGCUGCCGAGCACGCAGAUAAUGAGCCUCACAGCAUGUGCGGCACAGCUGUACUUGUAUCUGAGUCUCGGGACGCUAGAGUUGGCCCUGAUGGGAGUGAUGGCGGUUGACAGGUACGUAGCGGUGUGUAACCCACUCCGCUACAACAUUAUCAUGAAUUCGUCGACGUUUAUAUGGGUGAUAAUUGUGUCGUGGGUGUUAGGCUUCCUGAGUGAGAUAUGGCCAGUGUAUGCCACCUUUCAGCUCACCUUCUGCAAGAGCAGCGUCCUCGAUCACUUCUACUGUGAUCGAGGACAGCUGCUGAAGGUGAGCUGUGAGGAUACACUGUUCAGGGAGUUCAUCCUCUUCCUGAUGGCCGUGUUCAUCAUUAUAGGAAGCCUGAUACCCACGAUAGUCAGUUACACCUAUAUAAUCUCGACGAAUCUCAAGAUACCGAGUGCAAGUGGCUGGCGCAAGUCGUUCUCGACUUGCGCCAGCCACUUCACUUACGUGGUGAUAGGAUACGGCAGCUGCCUCUUUCUGUACGUGAAGCCCAAGCAGACUCAGGCCGCCGAGUACAACAGGGUGGUGUCCCUGUUGGUCUUGGUGGUCACGCCGUUCCUGAACCCUUUUAUCUUUACGCUGCGUAAUGAUAAAUUCAUCCAGGCGUUCGGGGACGGCAUGAAGCACUGCUAUAAGUUGCUCAAGAAC,0.16587337579617836,0.06714553388429571
>Q8NGU1|RandomWalk,AUGUUGGGCAACUAUAGCAGUGCUACUGAGUUCUUUCUGCUUGGGUUUCCGGGCAGUCAAGAGGUCUGCCGUAUCCUGUUCGCCACGUUUUUUCUGCUGUACGCCGUGACGGUGAUGGGGAACGUCGUCAUCAUCAUCACGGUGUGCGUAGACAAGUGCCUGCAAUCGCCAAUUUACUUCUUUCUGGGCCAUCUCUGCGUCCUCGAGAUUCUGAUAACAAGUACAGCUGUGCCGUUCAUGCUGUGGGGCUUAUUGCUGCCGAGCACGCAGAUAAUGAGCCUCACAGCAUGUGCGGCACAGCUGUACUUGUAUCUGAGUCUCGGGACGCUAGAGUUGGCCCUGAUGGGAGUGAUGGCGGUUGACAGGUACGUAGCGGUGUGUAACCCACUCCGCUACAACAUUAUCAUGAAUUCGUCGACGUUUAUAUGGGUGAUAAUUGUGUCGUGGGUAUUAGGCUUCCUGAGUGAGAUAUGGCCAGUGUAUGCUACCUUUCAGCUCACCUUCUGCAAGAGCAGCGUCCUCGAUCACUUCUACUGUGAUCGAGGACAGCUGCUGAAGGUGAGCUGUGAGGAUACACUGUUCAGGGAGUUCAUCCUCUUCCUGAUGGCCGUGUUCAUCAUUAUAGGAAGCCUGAUACCCACGAUAGUCAGUUACACCUAUAUAAUCUCGACGAAUCUCAAGAUACCGAGUGCAAGUGGCUGGCGCAAGUCGUUCUCGACUUGCGCCAGCCACUUCACUUACGUGGUGAUAGGAUACGGCAGCUGCCUCUUUCUGUACGUGAAGCCCAAGCAGACUCAGGCCGCCGAGUACAACAGGGUGGUGUCCCUGUUGGUCUUGGUGGUCACGCCGUUCCUGAACCCUUUUAUCUUUACGCUGCGUAAUGAUAAAUUUAUCCAGGCGUUCGGGGACGGCAUGAAGCACUGCUAUAAGUUGCUCAAGAAC,0.16537496815286626,0.06840402825012756
>Q8NGU1|Ours,AUGUUGGGCAACUAUAGCAGUGCUACUGAGUUCUUUCUGCUUGGGUUUCCGGGCAGUCAAGAGGUCUGCCGUAUCCUGUUCGCCACGUUUUUUCUACUGUACGCCGUGACGGUGAUGGGGAAUGUCGUCAUCAUCAUCACGGUGUGCGUAGAUAAGUGCCUGCAAUCGCCAAUUUACUUCUUUCUGGGCCAUCUCUGCGUCCUCGAGAUUCUGAUUACAAGUACAGCUGUGCCGUUCAUGCUGUGGGGCUUAUUGCUGCCGAGCACGCAGAUAAUGAGCCUCACAGCAUGUGCGGCACAGCUGUACUUGUAUCUGAGUCUCGGGACGCUAGAGUUGGCCCUGAUGGGAGUGAUGGCGGUUGACAGGUACGUAGCGGUGUGUAAUCCACUCCGCUACAAUAUCAUCAUGAAUUCGUCGACGUUUAUAUGGGUGAUAAUUGUGUCGUGGGUGUUAGGCUUCCUGAGUGAGAUAUGGCCAGUGUAUGCCACCUUUCAGCUCACCUUCUGCAAGAGCUCUGUCCUCGAUCACUUCUACUGUGAUCGAGGACAGCUCUUGAAGGUGAGCUGUGAGGAUACACUGUUCAGGGAGUUUAUCCUCUUCCUGAUGGCCGUGUUCAUCAUUAUAGGAAGCCUGAUACCCACGAUAGUCAGUUACACCUAUAUAAUCUCGACGAAUUUGAAGAUACCGAGUGCAAGUGGCUGGCGCAAGUCGUUUUCGACUUGCGCCAGCCACUUCACUUACGUGGUGAUAGGAUACGGCAGCUGCCUCUUUCUGUACGUGAAGCCCAAGCAGACUCAGGCCGCCGAGUACAACAGGGUGGUGUCCCUGUUGGUCUUGGUGGUCACGCCGUUCCUGAACCCUUUUAUCUUUACGCUGCGUAAUGAUAAAUUUAUCCAGGCGUUCGGGGACGGCAUGAAGCACUGCUAUAAGUUGCUCAAGAAU,0.16143798301486204,0.08046732872689707
>Q8NGC9|LinearDesign,AUGUCAUUUUUCUUCGUAGAUCUUCGCCCCAUGAACAGGAGCGCGACGCACAUAGUCACCGAGUUCAUACUGCUGGGUUUUCCAGGGUGCUGGAAGAUCCAGAUCUUCCUGUUCAGUUUGUUCUUGGUGAUCUAUGUGCUCACGCUCCUGGGCAAUGGGGCGAUAAUCUACGCGGUGAGAUGCAACCCGCUGUUGCAUACGCCUAUGUACUUCUUGCUCGGGAAUUUCGCCUUCUUGGAGAUAUGGUACGUGAGCAGUACCAUACCCAACAUGUUGGUGAAUAUCCUGAGCAAGACAAAGGCGAUAAGCUUCAGCGGGUGCUUCCUGCAGUUUUACUUCUUCUUUUCGCUGGGUACUACGGAGUGCUUGUUCUUGGCCGUGAUGGCGUACGAUCGCUAUCUGGCCAUCUGUCAUCCACUCCAGUACCCAGCGAUCAUGACGGUGAGAUUCUGCGGGAAGCUAGUCAGCUUCUGCUGGCUAAUCGGAUUUCUGGGGUAUCCCAUCCCGAUAUUUUACAUUUCGCAGCUGCCAUUCUGCGGGCCCAAUAUCAUAGAUCACUUCCUCUGUGAUAUGGACCCGCUGAUGGCACUGUCGUGCGCUCCGGCGCCGAUAACUGAGUGUAUCUUUUACACUCAGUCCAGCUUGGUGCUCUUUUUUACCUCAAUGUAUAUAUUAAGGAGUUAUAUACUGCUGCUGACGGCAGUGUUCCAAGUGCCGUCAGCAGCGGGGCGUCGUAAGGCUUUUAGCACGUGUGGGAGUCAUCUGGUAGUAGUGUCGCUGUUCUAUGGGACGGUGAUGGUAAUGUACGUAUCACCGACCUAUGGAAUACCGACACUGCUCCAGAAGAUUCUCACACUUGUUUAUAGCGUUACGACGCCCCUGUUUAACCCCUUGAUAUAUACAUUGAGGAAUAAAGACAUGAAGCUGGCGCUGCGAAAUGUAUUAUUCGGGAUGCGGAUACGCCAGAAUUCC,0.2107264814814815,0.07774626109574416
>Q8NGC9|RandomWalk,AUGUCAUUUUUCUUCGUAGAUCUUCGCCCCAUGAACAGGAGCGCGACGCACAUAGUCACCGAGUUCAUACUGCUGGGUUUUCCAGGGUGCUGGAAGAUCCAGAUCUUCCUGUUCAGUUUGUUCUUGGUGAUCUAUGUGCUCACGCUCCUGGGCAAUGGGGCGAUAAUCUACGCGGUGAGAUGCAACCCGCUGUUGCAUACGCCUAUGUACUUCUUGCUCGGGAAUUUCGCCUUCUUGGAGAUAUGGUACGUAAGCAGUACCAUACCCAACAUGUUGGUGAAUAUCCUGAGCAAGACAAAGGCGAUAAGCUUCAGCGGGUGCUUCCUGCAGUUUUACUUUUUCUUUUCGCUGGGUACUACGGAGUGCUUGUUCUUGGCCGUGAUGGCGUAUGAUCGCUAUCUGGCCAUCUGUCAUCCACUCCAGUACCCAGCGAUAAUGACGGUGAGAUUCUGCGGGAAGCUAGUCAGCUUCUGCUGGCUAAUCGGAUUUCUGGGGUAUCCCAUCCCGAUAUUUUACAUUUCGCAGCUGCCAUUCUGCGGGCCCAAUAUCAUAGAUCAUUUCCUCUGUGAUAUGGACCCGCUGAUGGCACUGUCGUGCGCUCCGGCGCCGAUAACUGAGUGUAUAUUUUACACUCAGUCCAGCUUGGUGCUCUUUUUUACCUCAAUGUAUAUAUUAAGGAGUUAUAUACUGCUGCUGACGGCAGUGUUCCAAGUGCCGUCAGCAGCGGGGCGUCGUAAGGCUUUUAGCACGUGUGGGAGUCAUCUGGUAGUAGUGUCGCUGUUCUAUGGGACGGUGAUGGUAAUGUACGUAUCACCGACCUAUGGAAUACCGACACUGCUCCAGAAGAUUCUCACACUUGUUUAUAGCGUUACGACGCCCCUGUUUAACCCCUUGAUAUAUACAUUGAGGAAUAAAGACAUGAAGCUGGCGCUGCGAAAUGUAUUAUUCGGGAUGCGGAUACGCCAGAAUUCC,0.20889378600823044,0.0800636927030549
>Q8NGC9|Ours,AUGUCAUUUUUCUUCGUAGAUCUUCGCCCCAUGAACAGGAGCGCGACGCACAUAGUCACCGAGUUCAUACUGCUGGGUUUUCCAGGGUGCUGGAAGAUCCAGAUCUUCUUAUUCAGUUUGUUCUUGGUGAUCUAUGUGCUCACGCUCCUGGGCAAUGGGGCGAUAAUCUACGCGGUGAGAUGCAACCCGCUGUUGCAUACGCCUAUGUACUUCUUGCUCGGGAAUUUCGCCUUCUUGGAGAUAUGGUACGUGUCGAGUACCAUACCCAACAUGUUGGUGAAUAUCCUGAGCAAGACAAAGGCGAUAAGCUUCAGCGGGUGCUUCCUGCAGUUUUACUUCUUCUUUUCGCUGGGUACUACGGAGUGUUUGUUUUUGGCCGUGAUGGCGUACGAUCGCUAUCUGGCCAUAUGUCAUCCACUCCAGUACCCAGCGAUAAUGACGGUGAGAUUCUGCGGGAAGCUAGUCAGCUUCUGCUGGCUAAUCGGGUUUCUGGGGUAUCCCAUCCCGAUAUUUUACAUUUCGCAGCUGCCAUUCUGCGGGCCCAAUAUCAUAGAUCACUUUCUCUGUGAUAUGGACCCGCUGAUGGCAUUGUCGUGCGCUCCGGCGCCGAUAACUGAGUGUAUCUUUUACACUCAGUCCAGCUUGGUGCUCUUUUUUACCUCAAUGUAUAUAUUAAGGAGUUAUAUACUGCUGCUGACGGCAGUGUUUCAAGUGCCGUCAGCAGCGGGGCGUCGUAAGGCUUUUAGCACGUGUGGGAGUCAUCUGGUAGUAGUGUCGUUAUUCUAUGGGACGGUGAUGGUAAUGUACGUAUCACCGACCUAUGGAAUACCGACACUGCUCCAGAAGAUUCUCACACUUGUUUAUAGCGUUACGACGCCCCUGUUUAACCCCUUAAUAUAUACAUUGAGGAAUAAAGACAUGAAGCUGGCGCUGCGAAAUGUAUUAUUCGGGAUGCGGAUACGCCAGAACUCG,0.20624384773662552,0.08689097694190305
>Q99729|LinearDesign,AUGAGUGAGGCUGGUGAGGAGCAGCCCAUGGAGACCACCGGGGCGACUGAGAACGGCCAUGAGGCGGUCCCUGAGGCUAGUCGUGGCCGGGGCUGGACUGGGGCCGCGGCUGGGGCUGGCGGCGCCACCGCCGCCCCCCCCUCCGGAAAUCAGAAUGGGGCCGAGGGCGACCAGAUCAACGCCUCGAAGAAUGAAGAGGAUGCAGGCAAGAUGUUCGUGGGCGGCCUGAGUUGGGACACAUCUAAGAAGGACUUGAAGGACUACUUCACCAAGUUUGGUGAAGUAGUCGACUGUACCAUCAAGAUGGAUCCCAACACAGGCCGCUCACGAGGGUUUGGCUUCAUCCUCUUCAAGGAUGCCGCGUCCGUCGAGAAGGUGCUCGACCAGAAGGAGCACCGUCUCGACGGACGCGUCAUCGACCCCAAAAAGGCCAUGGCCAUGAAGAAGGAUCCCGUAAAGAAGAUCUUCGUUGGGGGACUCAACCCUGAGUCCCCCACCGAAGAGAAGAUACGGGAGUACUUCGGCGAGUUUGGGGAGAUCGAGGCGAUCGAGUUGCCCAUGGACCCCAAGCUGAACAAGCGGCGGGGCUUCGUCUUCAUCACCUUCAAGGAGGAGGAGCCCGUCAAGAAGGUGUUGGAGAAGAAGUUCCACACCGUCUCCGGUUCCAAGUGCGAGAUCAAGGUUGCCCAGCCCAAGGAGGUGUACCAGCAGCAGCAGUACGGCUCCGGUGGGCGGGGCAACCGGAAUCGCGGGAACCGGGGUUCCGGAGGGGGGGGCGGCGGUGGCGGCCAGUCCCAGUCGUGGAACCAGGGCUAUGGUAACUAUUGGAACCAGGGCUAUGGCUACCAGCAGGGCUAUGGCCCUGGUUACGGGGGGUAUGAUUACUCCCCGUAUGGUUACUAUGGCUACGGCCCCGGCUACGACUACUCUCAGGGAUCGACCAAUUAUGGCAAGUCUCAGCGCCGCGGUGGUCACCAGAACAAUUACAAGCCUUAC,0.22753914658634536,0.0659643443630311
>Q99729|RandomWalk,AUGAGUGAGGCUGGUGAGGAGCAGCCCAUGGAGACCACCGGGGCGACUGAGAACGGCCAUGAGGCGGUCCCUGAGGCUAGUCGUGGCCGGGGCUGGACUGGGGCCGCGGCUGGGGCUGGCGGCGCCACCGCCGCCCCCCCCUCCGGAAAUCAGAAUGGGGCCGAGGGCGACCAGAUCAACGCCUCGAAGAAUGAAGAGGAUGCAGGCAAGAUGUUCGUGGGCGGCCUGAGUUGGGAUACAUCUAAGAAGGACUUGAAGGACUACUUCACCAAGUUUGGUGAAGUAGUCGACUGUACCAUCAAGAUGGAUCCCAACACAGGCCGCUCACGAGGGUUUGGCUUCAUCCUCUUCAAGGAUGCCGCGUCCGUCGAGAAGGUGCUCGACCAGAAGGAGCACCGUCUCGACGGACGCGUCAUCGACCCCAAAAAGGCCAUGGCCAUGAAGAAGGAUCCCGUAAAGAAGAUCUUCGUUGGGGGACUCAACCCUGAGUCCCCCACCGAAGAGAAGAUACGGGAGUACUUCGGCGAGUUUGGGGAGAUCGAGGCGAUCGAGUUGCCCAUGGACCCCAAGCUGAACAAGCGGCGGGGCUUCGUCUUCAUCACCUUCAAGGAGGAGGAGCCCGUCAAGAAGGUGUUGGAGAAGAAGUUCCACACCGUCUCCGGUUCCAAGUGCGAGAUCAAGGUUGCCCAGCCCAAGGAGGUGUACCAGCAGCAGCAGUACGGCUCCGGUGGGCGGGGCAACCGGAAUCGCGGGAACCGGGGUUCCGGAGGGGGGGGCGGCGGUGGCGGCCAGUCCCAGUCGUGGAACCAGGGCUAUGGUAACUAUUGGAACCAGGGCUAUGGCUACCAGCAGGGCUAUGGCCCUGGUUACGGGGGGUAUGAUUACUCCCCGUAUGGUUACUAUGGCUACGGCCCCGGCUACGACUACUCUCAGGGAUCGACCAAUUAUGGCAAGUCUCAGCGCCGCGGUGGUCACCAGAAUAAUUACAAGCCUUAC,0.22645715863453816,0.06724237387831829
>Q99729|Ours,AUGAGUGAGGCUGGUGAGGAGCAGCCCAUGGAGACCACCGGGGCGACUGAGAACGGCCAUGAGGCGGUCCCUGAGGCUAGUCGUGGCCGGGGCUGGACUGGGGCCGCGGCUGGGGCUGGCGGCGCCACCGCCGCCCCCCCCUCCGGAAAUCAGAAUGGGGCCGAGGGCGACCAGAUCAACGCCUCGAAGAAUGAAGAGGAUGCAGGCAAGAUGUUCGUGGGCGGCCUGAGUUGGGAUACAUCUAAGAAGGACUUAAAGGACUACUUCACCAAGUUUGGUGAAGUAGUCGAUUGUACCAUCAAGAUGGAUCCCAACACAGGCCGCUCACGAGGGUUUGGCUUCAUCCUCUUCAAGGAUGCCGCGUCCGUCGAGAAGGUGCUCGAUCAGAAGGAGCACCGUCUCGACGGACGCGUCAUCGACCCCAAAAAAGCCAUGGCCAUGAAGAAGGAUCCCGUAAAGAAGAUCUUCGUUGGGGGACUCAAUCCUGAGUCCCCCACCGAAGAGAAGAUACGGGAGUACUUCGGCGAGUUUGGGGAGAUCGAGGCGAUCGAGUUGCCCAUGGACCCCAAGCUGAAUAAGCGGAGGGGCUUCGUCUUCAUCACCUUCAAGGAGGAGGAGCCCGUCAAGAAGGUGUUGGAGAAGAAGUUCCAUACCGUCUCCGGUUCCAAGUGCGAGAUCAAGGUUGCCCAGCCCAAGGAGGUGUACCAGCAGCAGCAGUACGGCUCCGGUGGGCGGGGCAACCGGAAUCGCGGGAACCGGGGUUCCGGAGGGGGGGGCGGCGGUGGCGGCCAGUCCCAGUCGUGGAACCAGGGCUAUGGUAACUAUUGGAACCAGGGCUAUGGCUACCAGCAGGGCUAUGGCCCUGGUUACGGGGGGUAUGAUUACUCCCCGUAUGGUUACUAUGGCUACGGCCCCGGCUACGACUACUCUCAGGGAUCGACCAAUUAUGGCAAGUCUCAGCGCCGCGGUGGUCACCAGAAUAAUUACAAGCCUUAC,0.22497746987951805,0.07127358186696812
>Q9P2M1|LinearDesign,AUGAAGCUGACCUCGGAGAAGUUGCCAAAGAACCCCUUCUACGCCUCUGUCAGCCAGUACGCGGCGAAGAAUCAGAAGUUCUUUCAGUGGAAGAAAGAAAAGACUGAUUACACGCACGCGAAUCUGGUUGACAAGGCGUUGCAGCUCCUGAAGGAGCGCAUCCUGAAGGGGGACACUUUGGCAUACUUUCUCCGAGGUCAGCUUUAUUUCGAGGAGGGUUGGUACGAGGAGGCCUUGGAGCAGUUCGAGGAAAUCAAAGAGAAGGACCACCAAGCUACGUACCAGCUUGGGGUCAUGUACUAUGAUGGCCUCGGGACGACUUUAGAUGCCGAGAAGGGCGUGGACUAUAUGAAGAAGAUCUUGGAUAGUCCAUGCCCGAAGGCUCGGCAUCUGAAGUUUGCCGCGGCCUAUAAUCUCGGGCGGGCAUACUACGAGGGCAAGGGCGUCAAGAGGAGUAACGAGGAGGCCGAGCGCCUCUGGCUCAUUGCCGCUGACAACGGGAAUCCGAAGGCCAGUGUGAAGGCCCAGAGCAUGCUUGGGCUCUAUUACAGUACUAAAGAGCCCAAGGAGCUCGAGAAGGCCUUCUACUGGCAUUCGGAGGCCUGUGGCAACGGCAAUCUGGAGAGCCAAGGGGCGCUCGGCCUCAUGUACCUCUAUGGUCAGGGGAUCCGCCAGGACACGGAGGCCGCGCUCCAGUGCCUCCGGGAGGCAGCGGAGCGCGGCAACGUGUACGCGCAAGGCAACUUGGUGGAGUACUACUACAAGAUGAAGUUCUUCACCAAGUGCGUUGCGUUCUCCAAGCGGAUCGCCGACUAUGACGAGGUGCACGAUAUUCCUAUGAUCGCCCAGGUCACCGAUUGCCUGCCCGAGUUUAUAGGCCGCGGCAUGGCUAUGGCCUCGUUUUAUCACGCGCGUUGUCUCCAGCUGGGGCUGGGGAUAACGCGCGAUGAGACGACGGCCAAGCACUACUACUCCAAGGCCUGCCGUCUCAACCCUGCGCUGGCGGAUGAGCUGCACUCGCUGCUCAUCCGCCAGCGCAUC,0.22080192122958694,0.07381630103189556
>Q9P2M1|RandomWalk,AUGAAGCUGACCUCGGAGAAGUUGCCAAAGAACCCCUUCUACGCCUCUGUCAGCCAGUACGCGGCGAAGAAUCAGAAGUUCUUUCAGUGGAAGAAAGAAAAGACUGAUUACACGCACGCGAAUCUGGUUGACAAGGCGUUGCAGCUCCUGAAGGAGCGCAUCCUGAAGGGGGACACUUUGGCAUACUUUCUCCGAGGUCAGCUUUAUUUCGAGGAGGGUUGGUACGAGGAGGCCUUGGAGCAGUUCGAGGAAAUCAAAGAGAAGGACCACCAAGCUACGUACCAGCUUGGGGUCAUGUACUAUGAUGGCCUCGGGACGACUUUAGAUGCCGAGAAGGGCGUGGACUAUAUGAAGAAGAUCUUGGAUAGUCCAUGCCCGAAGGCUCGGCAUCUGAAGUUUGCCGCGGCCUAUAAUCUCGGGCGGGCAUACUACGAGGGCAAGGGCGUCAAGAGGAGUAACGAGGAGGCCGAGCGCCUCUGGCUCAUUGCCGCUGACAACGGGAAUCCGAAGGCCAGUGUGAAGGCCCAGAGCAUGCUUGGGCUCUAUUACAGUACUAAAGAGCCCAAGGAGCUCGAGAAGGCCUUCUACUGGCAUUCGGAGGCCUGUGGCAACGGCAAUCUGGAGAGCCAGGGGGCGCUCGGCCUCAUGUACCUCUAUGGUCAGGGGAUCCGCCAGGACACGGAGGCCGCGCUCCAGUGCCUCCGGGAGGCAGCGGAGCGCGGCAACGUGUACGCGCAAGGCAACUUGGUGGAGUACUACUACAAGAUGAAGUUCUUCACCAAGUGCGUUGCGUUCUCCAAGCGGAUCGCCGACUAUGACGAGGUGCACGAUAUUCCUAUGAUCGCCCAGGUCACCGAUUGCCUGCCCGAGUUUAUAGGCCGCGGCAUGGCUAUGGCCUCGUUUUAUCACGCGCGUUGUCUCCAGCUUGGGCUGGGGAUAACGCGCGAUGAGACGACGGCCAAGCACUACUACUCCAAGGCCUGCCGUCUCAACCCUGCGCUGGCGGAUGAGCUGCAUUCGCUGCUCAUCCGCCAGCGCAUC,0.22082953890489915,0.0786544027237542
>Q9P2M1|Ours,AUGAAGCUGACCUCGGAGAAGUUGCCAAAGAACCCCUUCUACGCCUCUGUCAGCCAGUACGCGGCGAAGAAUCAGAAGUUCUUUCAGUGGAAGAAAGAAAAGACUGAUUAUACGCACGCGAACCUGGUUGACAAGGCGUUGCAGCUCCUGAAGGAGCGCAUAUUGAAGGGGGAUACUUUGGCAUACUUUCUCCGAGGUCAGCUUUAUUUCGAGGAGGGUUGGUACGAGGAGGCCUUGGAGCAGUUCGAGGAAAUCAAGGAGAAGGACCACCAAGCUACGUAUCAGCUUGGGGUCAUGUACUAUGAUGGCCUCGGAACGACUUUAGAUGCCGAGAAGGGCGUGGACUAUAUGAAGAAGAUCUUGGAUAGUCCAUGCCCGAAGGCUCGGCAUCUGAAGUUUGCCGCGGCCUAUAAUCUCGGGCGGGCAUAUUACGAGGGCAAGGGCGUCAAGCGGAGUAACGAGGAGGCCGAGCGCCUCUGGCUCAUUGCCGCUGACAACGGGAAUCCGAAGGCCAGUGUGAAGGCCCAGAGCAUGCUUGGGCUCUAUUACAGUACUAAAGAGCCCAAGGAGCUCGAGAAGGCCUUCUACUGGCAUUCGGAGGCCUGUGGCAACGGCAAUCUGGAGAGCCAGGGGGCGCUCGGCCUCAUGUACCUCUAUGGUCAGGGGAUCCGCCAGGACACGGAGGCCGCGCUCCAGUGCCUCAGAGAGGCAGCGGAGCGCGGCAACGUGUAUGCGCAAGGCAACUUGGUGGAGUACUACUAUAAGAUGAAGUUCUUCACCAAGUGCGUUGCGUUUUCCAAGCGGAUCGCCGACUAUGAUGAGGUGCAUGAUAUUCCGAUGAUCGCCCAGGUCACCGAUUGCCUGCCCGAGUUUAUAGGCCGCGGCAUGGCUAUGGCCUCGUUUUAUCACGCGCGUUGUCUCCAGCUGGGGCUGGGGAUAACGCGCGAUGAGACGACGGCCAAGCACUACUACUCCAAGGCCUGCCGUCUCAACCCUGCGCUGGCGGAUGAGCUGCAUUCGCUGCUCAUCCGCCAGCGCAUC,0.22129874159462057,0.09464049663147606
>SPIKE|LinearDesign,AUGUUCGUGUUUCUUGUCCUCCUUCCACUGGUUUCGAGUCAGUGCGUCAAUCUUACAACACGAACCCAGCUGCCGCCAGCCUACACGAACUCCUUCACGCGGGGAGUGUACUACCCCGACAAGGUGUUCCGCUCGUCUGUUCUGCACAGCACGCAGGACCUCUUCCUCCCGUUCUUCUCGAACGUGACAUGGUUCCAUGCCAUUCACGUUUCGGGAACGAACGGGACGAAGAGGUUCGACAACCCUGUUCUGCCGUUCAACGACGGGGUGUACUUCGCUUCGACAGAGAAGUCCAACAUUAUUCGCGGAUGGAUAUUCGGAACCACUCUCGAUUCCAAGACUCAGUCCUUGUUGAUAGUGAACAACGCCACGAACGUGGUCAUUAAGGUCUGUGAGUUUCAGUUCUGUAAUGACCCGUUCCUGGGUGUUUACUAUCACAAGAACAACAAGUCUUGGAUGGAGAGUGAGUUCCGAGUGUAUUCAUCCGCGAAUAACUGUACCUUCGAGUAUGUCAGUCAGCCGUUCCUGAUGGAUCUUGAAGGCAAGCAGGGCAAUUUCAAGAAUUUGCGCGAGUUUGUCUUCAAGAACAUCGACGGCUACUUCAAGAUAUACUCGAAGCACACGCCAAUCAACCUCGUCCGUGAUCUCCCGCAGGGCUUCAGCGCUCUGGAGCCGCUGGUGGACUUGCCGAUAGGCAUCAACAUCACGCGGUUCCAGACGCUGCUGGCCCUGCACAGGAGUUACCUGACGCCAGGUGACUCCUCGUCCGGGUGGACUGCAGGUGCCGCCGCGUACUACGUGGGGUACCUGCAGCCCCGGACGUUCUUGUUGAAGUACAACGAGAACGGGACGAUCACGGACGCGGUUGAUUGCGCGUUGGACCCUCUGUCGGAGACGAAGUGCACCCUGAAGUCGUUUACGGUAGAAAAGGGGAUCUAUCAGACCUCCAACUUCCGCGUCCAGCCGACUGAGAGUAUCGUUCGGUUCCCGAACAUCACGAACCUGUGUCCGUUCGGAGAGGUCUUCAACGCGACCAGGUUCGCCUCCGUGUACGCUUGGAACAGGAAGAGGAUCUCGAAUUGUGUAGCAGACUACAGUGUGCUAUACAAUUCGGCGUCCUUUUCCACUUUCAAGUGUUACGGAGUGUCGCCCACGAAGUUGAACGACCUCUGCUUCACCAACGUGUAUGCGGAUUCCUUCGUCAUCCGUGGUGACGAAGUGCGUCAGAUUGCUCCGGGACAGACGGGUAAGAUAGCGGACUACAAUUAUAAGUUGCCCGACGACUUUACUGGCUGCGUUAUUGCUUGGAAUAGCAAUAACUUAGACAGUAAAGUCGGGGGCAACUAUAACUAUCUUUACCGUCUGUUCCGGAAGAGCAAUCUGAAGCCCUUCGAGCGCGAUAUCUCGACCGAAAUCUACCAGGCAGGCUCCACCCCGUGCAACGGGGUGGAGGGCUUCAAUUGUUACUUUCCGUUGCAGAGCUACGGAUUUCAGCCCACCAACGGGGUAGGGUACCAGCCCUACCGCGUGGUGGUGCUGAGUUUCGAGCUUCUGCACGCCCCCGCGACUGUCUGUGGGCCCAAGAAGUCGACGAACUUGGUGAAGAACAAGUGCGUCAACUUCAACUUCAAUGGGCUCACAGGCACGGGGGUGUUGACGGAGAGUAACAAGAAGUUCCUGCCUUUCCAGCAGUUCGGUCGAGAUAUCGCGGACACCACGGAUGCCGUAAGGGAUCCGCAGACGCUUGAGAUUCUGGACAUCACGCCCUGCAGCUUCGGGGGCGUCAGUGUAAUCACGCCUGGUACAAACACCAGCAACCAGGUUGCGGUGUUGUACCAGGACGUGAAUUGCACUGAGGUCCCCGUAGCGAUCCACGCGGAUCAGCUAACCCCAACGUGGAGGGUGUACUCGACAGGGAGUAAUGUCUUCCAGACUCGCGCUGGUUGUCUGAUUGGCGCUGAGCAUGUGAACAACUCGUACGAGUGUGACAUCCCCAUUGGAGCGGGGAUCUGCGCGUCGUACCAGACCCAGACGAACAGCCCGAGGCGUGCCCGCUCAGUAGCGUCGCAGUCGAUCAUCGCGUACACGAUGAGCUUGGGGGCGGAGAACAGUGUAGCCUAUUCGAACAACAGCAUUGCUAUCCCCACAAAUUUUACAAUUAGUGUAACCACCGAGAUCUUGCCGGUCUCGAUGACCAAGACCUCGGUGGAUUGCACUAUGUAUAUUUGUGGGGAUAGCACUGAGUGUUCUAACCUCCUGCUCCAGUACGGCAGUUUCUGUACGCAGCUCAACCGAGCGCUUACAGGAAUUGCCGUGGAGCAGGACAAGAACACUCAGGAGGUGUUUGCGCAGGUCAAGCAGAUCUACAAGACACCUCCGAUCAAGGACUUUGGCGGCUUUAACUUCUCCCAGAUACUCCCCGACCCCAGCAAGCCCAGCAAGCGUAGCUUUAUUGAAGAUCUGCUCUUCAAUAAAGUUACGCUUGCUGAUGCUGGGUUCAUCAAGCAGUACGGGGACUGUCUGGGAGAUAUAGCCGCCAGAGACUUGAUCUGUGCUCAGAAGUUCAAUGGGCUCACUGUUCUCCCCCCCUUGCUCACGGACGAGAUGAUCGCGCAGUACACUUCGGCGCUGCUGGCGGGCACGAUCACCUCGGGCUGGACGUUUGGGGCUGGUGCGGCGCUGCAGAUCCCGUUCGCCAUGCAGAUGGCGUACCGCUUCAAUGGGAUCGGUGUCACACAGAACGUGUUGUACGAGAAUCAGAAGCUCAUCGCCAAUCAGUUCAACAGCGCGAUCGGGAAGAUACAGGACUCCCUGUCGAGUACAGCCUCCGCGUUGGGGAAGCUGCAGGACGUGGUGAACCAGAAUGCUCAAGCGUUGAACACGUUGGUGAAGCAGUUGUCGUCCAACUUCGGGGCGAUAAGUUCGGUGCUGAACGAUAUUCUCAGUCGGCUGGACAAGGUGGAAGCGGAGGUCCAGAUAGAUCGGCUCAUCACUGGUCGCCUCCAGAGUUUGCAGACGUACGUAACUCAGCAGCUCAUCCGAGCUGCUGAGAUACGUGCGUCUGCAAACCUGGCGGCGACCAAGAUGAGCGAGUGCGUGCUGGGGCAGAGCAAGCGAGUGGACUUCUGCGGGAAGGGCUAUCACCUGAUGUCCUUCCCGCAGAGCGCACCUCACGGGGUAGUCUUCCUGCACGUGACAUAUGUGCCGGCGCAGGAGAAGAACUUCACGACUGCGCCGGCCAUAUGUCACGACGGGAAGGCGCACUUCCCGCGUGAAGGAGUGUUCGUGUCAAACGGGACGCAUUGGUUCGUCACGCAGCGCAACUUCUAUGAGCCCCAGAUAAUUACCACUGACAAUACCUUUGUCAGUGGUAACUGCGACGUGGUCAUAGGCAUUGUGAACAACACUGUCUAUGACCCGUUGCAGCCCGAGCUAGAUAGUUUCAAGGAGGAGCUUGAUAAGUACUUCAAGAAUCAUACUUCCCCAGAUGUGGAUCUUGGCGACAUUAGCGGGAUCAACGCUAGUGUCGUCAACAUCCAGAAGGAGAUCGACAGGCUCAAUGAGGUUGCGAAGAACCUCAACGAGAGCCUGAUCGAUCUCCAGGAGCUGGGGAAGUAUGAGCAGUACAUCAAGUGGCCUUGGUACAUCUGGCUCGGGUUUAUCGCGGGGCUCAUAGCGAUCGUCAUGGUGACGAUCAUGUUGUGCUGCAUGACGAGCUGUUGCUCCUGUUUGAAGGGCUGCUGCAGCUGCGGUUCGUGUUGUAAGUUUGACGAGGAUGACUCGGAGCCAGUGCUGAAGGGGGUCAAGUUACACUACACG,0.17410703849175174,0.08472206820629176
>SPIKE|RandomWalk,AUGUUCGUGUUUCUUGUCCUCCUUCCACUGGUUUCGAGUCAGUGCGUCAAUCUUACAACACGAACCCAGCUGCCGCCAGCCUACACGAACUCCUUCACGCGGGGAGUGUACUACCCCGACAAGGUGUUCCGCUCGUCUGUUCUGCACAGCACGCAGGACCUCUUCCUCCCGUUCUUCUCGAACGUGACAUGGUUCCAUGCCAUUCACGUUUCGGGAACGAACGGGACGAAGAGGUUCGACAACCCUGUUCUGCCGUUCAACGACGGGGUGUACUUCGCUUCGACAGAGAAGUCCAACAUUAUUCGCGGAUGGAUAUUCGGAACCACUCUCGAUUCCAAGACUCAGUCCUUGUUGAUAGUGAACAACGCCACGAACGUGGUCAUUAAGGUCUGUGAGUUUCAGUUCUGUAAUGACCCGUUCCUGGGUGUUUACUAUCACAAGAACAACAAGUCUUGGAUGGAGAGUGAGUUCCGAGUGUAUUCAUCCGCGAAUAAUUGUACCUUCGAGUAUGUCAGUCAGCCGUUCCUGAUGGAUCUUGAAGGCAAGCAGGGCAAUUUCAAGAAUUUGCGCGAGUUUGUCUUCAAGAACAUCGACGGCUACUUCAAGAUAUACUCGAAGCACACGCCAAUCAACCUCGUCCGUGAUCUCCCGCAGGGCUUCAGCGCUCUGGAGCCGCUGGUGGACUUGCCGAUAGGCAUCAACAUCACGCGGUUCCAGACGCUGCUGGCCCUGCACAGGAGUUACCUGACGCCAGGUGACUCCUCGUCCGGGUGGACUGCAGGUGCCGCCGCGUACUACGUGGGGUACCUGCAGCCCCGGACGUUCUUGUUGAAGUACAACGAGAACGGGACGAUCACGGACGCGGUUGAUUGCGCGUUGGACCCUCUGUCGGAGACGAAGUGCACCCUGAAGUCGUUUACGGUAGAAAAGGGGAUCUAUCAGACCUCCAACUUCCGCGUCCAGCCGACUGAGAGUAUCGUUCGGUUCCCGAACAUCACGAACCUGUGUCCGUUCGGAGAGGUCUUCAACGCGACCAGGUUCGCCUCCGUGUACGCUUGGAACAGGAAGAGGAUCUCGAAUUGUGUAGCAGACUACAGUGUGCUAUACAAUUCGGCGUCCUUUUCCACUUUCAAGUGUUACGGAGUGUCGCCCACGAAGUUGAACGACCUCUGCUUCACCAACGUGUAUGCGGAUUCCUUCGUCAUCCGUGGUGACGAAGUGCGUCAGAUUGCUCCGGGACAGACGGGUAAGAUAGCGGACUACAAUUAUAAGUUGCCCGACGACUUUACUGGCUGCGUUAUUGCUUGGAAUAGCAAUAACUUAGACAGUAAAGUCGGGGGCAACUAUAACUAUCUUUACCGUCUGUUCCGGAAGAGCAAUCUGAAGCCCUUCGAGCGCGAUAUCUCGACCGAAAUCUACCAGGCAGGCUCCACCCCGUGCAACGGGGUGGAGGGCUUCAAUUGUUACUUUCCGUUGCAGAGCUACGGAUUUCAGCCCACCAACGGGGUAGGGUACCAGCCCUACCGCGUGGUGGUGCUGAGUUUCGAGCUUCUGCACGCCCCCGCGACUGUCUGUGGGCCCAAGAAGUCGACGAACUUGGUGAAGAACAAGUGCGUCAACUUCAACUUCAAUGGGCUCACAGGCACGGGGGUGUUGACGGAGAGUAACAAGAAGUUCCUGCCUUUCCAGCAGUUCGGUCGAGAUAUCGCGGACACCACGGAUGCCGUAAGGGAUCCGCAGACGCUUGAGAUUCUGGACAUCACGCCCUGCAGCUUCGGGGGCGUCAGUGUAAUCACGCCUGGUACAAACACCAGCAACCAGGUUGCGGUGUUGUACCAGGACGUGAAUUGCACUGAGGUCCCCGUAGCGAUCCACGCGGAUCAGCUAACCCCAACGUGGAGGGUGUACUCGACAGGGAGUAAUGUCUUCCAGACUCGCGCUGGUUGUCUGAUUGGCGCUGAGCAUGUGAACAACUCGUACGAGUGUGACAUCCCCAUUGGAGCGGGGAUCUGCGCGUCGUACCAGACCCAGACGAACAGCCCGAGGCGUGCCCGCUCAGUAGCGUCGCAGUCGAUCAUCGCGUACACGAUGAGCUUGGGGGCGGAGAACAGUGUAGCCUAUUCGAACAACAGCAUUGCUAUCCCCACAAAUUUUACAAUUAGUGUAACCACCGAGAUCUUGCCGGUCUCGAUGACCAAGACCUCGGUGGAUUGCACUAUGUAUAUUUGUGGGGAUAGCACUGAGUGUUCUAAUCUCCUGCUCCAGUACGGCAGUUUCUGUACGCAGCUCAACCGAGCGCUUACAGGAAUUGCCGUGGAGCAGGACAAGAACACUCAGGAGGUGUUUGCGCAGGUCAAGCAGAUCUACAAGACACCUCCGAUCAAGGACUUUGGCGGCUUUAACUUCUCCCAGAUACUCCCCGACCCCAGCAAGCCCAGCAAGCGUAGCUUUAUUGAAGAUCUGCUCUUCAAUAAAGUUACGCUUGCUGAUGCUGGGUUCAUCAAGCAGUACGGGGACUGUCUGGGAGAUAUAGCCGCCAGAGACUUGAUCUGUGCUCAGAAGUUCAAUGGGCUCACUGUUCUCCCCCCCUUGCUCACGGACGAGAUGAUCGCGCAGUACACUUCGGCGCUGCUGGCGGGCACGAUCACCUCGGGCUGGACGUUUGGGGCUGGUGCGGCGCUGCAGAUCCCGUUCGCCAUGCAGAUGGCGUACCGCUUCAAUGGGAUCGGUGUCACACAGAACGUGUUGUACGAGAAUCAGAAGCUCAUCGCCAAUCAGUUCAACAGCGCGAUCGGGAAGAUACAGGACUCCCUGUCGAGUACAGCCUCCGCGUUGGGGAAGCUGCAGGACGUGGUGAACCAGAAUGCUCAAGCGUUGAACACGUUGGUGAAGCAGUUGUCGUCCAACUUCGGGGCGAUAAGUUCGGUGCUGAACGAUAUUCUCAGUCGGCUGGACAAGGUGGAAGCGGAGGUCCAGAUAGAUCGGCUCAUCACUGGUCGCCUCCAGAGUUUGCAGACGUACGUAACUCAGCAGCUCAUCCGAGCUGCUGAGAUACGUGCGUCUGCAAACCUGGCGGCGACCAAGAUGAGCGAGUGCGUGCUGGGGCAGAGCAAGCGAGUGGACUUCUGCGGGAAGGGCUAUCACCUGAUGUCCUUCCCGCAGAGCGCACCUCACGGGGUAGUCUUCCUGCACGUGACAUAUGUGCCGGCGCAGGAGAAGAACUUCACGACUGCGCCGGCCAUAUGUCACGACGGGAAGGCGCACUUCCCGCGUGAAGGAGUGUUCGUGUCAAACGGGACGCAUUGGUUCGUCACGCAGCGCAACUUCUAUGAGCCCCAGAUAAUUACCACUGACAAUACCUUUGUCAGUGGUAACUGCGACGUGGUCAUAGGCAUUGUGAACAACACUGUCUAUGACCCGUUGCAGCCCGAGCUAGAUAGUUUCAAGGAGGAGCUUGAUAAGUACUUCAAGAAUCAUACUUCCCCAGAUGUGGAUCUUGGCGACAUUAGCGGGAUCAACGCUAGUGUCGUCAACAUCCAGAAGGAGAUCGACAGGCUCAAUGAGGUUGCGAAGAACCUCAACGAGAGCCUGAUCGAUCUCCAGGAGCUGGGGAAGUAUGAGCAGUACAUCAAGUGGCCUUGGUACAUCUGGCUCGGGUUUAUCGCGGGGCUCAUAGCGAUCGUCAUGGUGACGAUCAUGUUGUGCUGCAUGACGAGCUGUUGCUCCUGUUUGAAGGGCUGCUGCAGCUGCGGUUCGUGUUGUAAGUUUGACGAGGAUGACUCGGAGCCAGUGCUGAAGGGGGUCAAGUUACACUACACG,0.17397279130662477,0.08624870960280255
>SPIKE|Ours,AUGUUUGUGUUUCUUGUCCUCCUUCCACUGGUUUCGAGUCAGUGCGUCAAUCUUACAACACGAACCCAGCUGCCGCCAGCCUACACGAACUCCUUCACGCGGGGAGUGUACUACCCCGAUAAGGUGUUCCGCUCGUCUGUUCUGCACAGCACGCAGGACCUCUUCCUCCCGUUCUUCUCGAACGUGACAUGGUUUCAUGCCAUUCACGUUUCGGGAACGAACGGGACGAAGAGGUUCGAUAACCCUGUUCUGCCGUUUAACGACGGGGUGUACUUCGCUUCGACAGAGAAGUCCAACAUUAUUCGCGGAUGGAUAUUCGGAACCACUCUCGAUUCCAAGACUCAGUCCUUGUUGAUAGUGAACAACGCCACGAACGUGGUCAUUAAGGUCUGUGAAUUUCAGUUCUGUAAUGACCCGUUCUUGGGUGUUUACUAUCACAAGAACAAUAAGUCUUGGAUGGAGAGUGAGUUCCGAGUGUAUUCAUCCGCGAAUAAUUGUACCUUCGAGUAUGUCAGUCAGCCGUUCUUGAUGGAUCUUGAAGGCAAACAGGGCAAUUUUAAGAAUUUGCGCGAGUUUGUCUUCAAGAACAUCGACGGCUACUUCAAGAUAUACUCGAAGCACACGCCAAUCAACCUCGUCCGUGAUCUCCCGCAGGGCUUCAGCGCUCUGGAGCCGCUGGUGGAUUUGCCGAUAGGCAUAAACAUCACGCGGUUCCAGACGCUGUUAGCCCUGCACAGGAGUUACCUGACGCCAGGUGACUCCUCGUCCGGGUGGACUGCAGGUGCCGCCGCGUACUACGUGGGGUACCUGCAGCCCCGGACGUUCUUGUUGAAGUACAACGAGAACGGGACGAUCACGGACGCGGUUGAUUGCGCGUUGGACCCUCUGUCGGAGACGAAGUGCACCCUGAAGUCGUUUACGGUAGAAAAGGGGAUCUAUCAGACCUCCAACUUCCGCGUCCAGCCGACUGAGAGUAUCGUUCGGUUCCCGAACAUCACGAACCUGUGUCCGUUUGGAGAAGUCUUCAACGCGACCAGGUUCGCCUCCGUGUACGCUUGGAAUAGGAAGAGGAUCUCGAAUUGUGUAGCAGACUAUAGUGUGCUAUACAAUUCGGCGUCCUUUUCCACUUUCAAGUGUUACGGAGUGUCGCCCACGAAGUUGAACGACCUCUGCUUCACCAACGUGUAUGCGGAUUCCUUCGUCAUCCGUGGUGACGAGGUGCGUCAGAUUGCUCCGGGACAGACGGGUAAGAUAGCGGAUUAUAAUUAUAAGUUGCCCGACGACUUUACUGGCUGCGUUAUUGCUUGGAAUAGCAAUAACUUAGACAGUAAAGUCGGGGGCAACUAUAACUAUCUUUACCGUCUGUUCCGGAAGAGCAAUCUGAAGCCCUUCGAACGCGAUAUCUCGACCGAAAUCUAUCAGGCAGGCUCCACCCCGUGCAACGGGGUGGAGGGCUUCAAUUGUUACUUUCCGUUGCAGAGCUACGGAUUUCAGCCCACCAACGGGGUAGGGUACCAGCCCUACCGCGUGGUGGUGCUGAGUUUCGAGCUCCUGCACGCCCCCGCGACUGUCUGUGGGCCCAAGAAGUCGACGAACUUGGUGAAGAACAAGUGCGUCAACUUCAACUUCAAUGGGCUCACAGGCACGGGGGUGUUGACGGAGAGUAACAAGAAGUUCCUGCCUUUUCAGCAGUUCGGUCGAGAUAUCGCGGACACCACGGAUGCCGUAAGGGAUCCGCAGACGCUUGAGAUUCUGGACAUCACGCCCUGCAGCUUCGGGGGCGUCAGUGUAAUCACGCCUGGUACAAACACCAGCAACCAAGUUGCGGUGUUGUACCAGGACGUGAAUUGCACUGAGGUCCCCGUAGCGAUCCACGCGGAUCAGCUAACCCCAACGUGGAGGGUGUACUCGACAGGGAGUAAUGUCUUCCAGACUCGCGCUGGUUGUCUGAUUGGCGCUGAGCAUGUGAAUAACUCGUACGAGUGUGACAUCCCCAUUGGAGCGGGGAUCUGCGCGUCGUACCAGACCCAGACGAACAGCCCGAGGCGUGCCCGCUCAGUAGCGUCGCAGUCGAUCAUCGCGUACACGAUGAGCUUGGGGGCGGAGAACAGUGUAGCCUAUUCGAACAACAGCAUUGCUAUCCCCACAAAUUUUACAAUUAGUGUAACCACCGAGAUCUUGCCGGUCAGCAUGACCAAGACCUCGGUGGAUUGCACUAUGUAUAUUUGUGGGGAUAGCACUGAGUGUUCUAAUCUCCUGCUCCAAUACGGCAGUUUCUGUACGCAGCUCAAUAGAGCGCUUACAGGAAUUGCCGUGGAGCAGGAUAAGAACACUCAGGAGGUGUUUGCGCAGGUCAAGCAGAUCUACAAGACACCUCCGAUCAAGGACUUUGGCGGCUUUAAUUUCUCCCAGAUACUCCCCGACCCCAGCAAGCCCAGCAAGCGUAGCUUUAUUGAAGAUUUACUCUUCAAUAAAGUUACGCUUGCUGAUGCUGGGUUCAUCAAGCAGUACGGGGAUUGUCUGGGAGAUAUAGCCGCCAGAGACUUGAUCUGUGCUCAGAAGUUCAAUGGGCUCACUGUUCUCCCCCCCUUGCUCACGGACGAGAUGAUCGCUCAGUACACUUCGGCGCUGCUGGCGGGCACGAUCACCUCGGGCUGGACGUUUGGGGCUGGUGCGGCGCUGCAGAUCCCGUUCGCCAUGCAGAUGGCGUACCGCUUCAAUGGGAUCGGUGUCACACAGAACGUCUUGUACGAGAAUCAGAAGCUCAUCGCCAAUCAGUUCAACAGCGCGAUCGGGAAGAUACAGGACUCCCUGUCGAGUACAGCCUCCGCGUUGGGGAAGCUGCAGGACGUGGUGAACCAGAAUGCUCAAGCGUUGAACACGUUGGUGAAGCAGUUGUCGUCCAACUUCGGGGCGAUAAGUUCGGUGCUGAACGAUAUUCUCAGUCGGCUGGACAAGGUGGAAGCGGAGGUCCAGAUAGAUCGGCUCAUCACUGGUCGCCUCCAGAGUUUGCAGACGUACGUAACUCAGCAGCUCAUCCGAGCUGCUGAGAUACGUGCGUCUGCAAACCUGGCGGCGACCAAGAUGAGCGAGUGCGUGCUGGGGCAGAGCAAGCGAGUGGACUUCUGCGGGAAGGGCUAUCAUUUGAUGUCCUUCCCGCAGAGUGCACCUCACGGGGUAGUCUUCCUGCACGUGACAUAUGUGCCGGCGCAGGAGAAAAAUUUUACGACUGCGCCGGCCAUAUGUCACGACGGGAAGGCGCACUUCCCGCGUGAAGGAGUGUUCGUGUCAAACGGGACGCAUUGGUUCGUCACGCAGCGCAACUUCUAUGAGCCCCAGAUAAUUACCACUGACAAUACCUUUGUCAGUGGUAACUGCGACGUGGUCAUAGGCAUUGUGAACAACACUGUCUAUGACCCGUUGCAGCCCGAGCUAGAUAGUUUCAAGGAAGAGCUUGAUAAGUACUUCAAGAAUCAUACUUCCCCAGAUGUGGAUCUUGGCGACAUUAGCGGGAUCAACGCUAGUGUCGUCAAUAUCCAGAAGGAGAUCGACAGGCUCAAUGAGGUUGCGAAGAACCUCAAUGAGAGCCUGAUCGAUCUCCAGGAGCUGGGGAAGUAUGAGCAGUACAUCAAGUGGCCUUGGUACAUCUGGCUCGGGUUUAUCGCGGGGCUCAUAGCGAUCGUCAUGGUGACGAUCAUGUUGUGCUGCAUGACGAGCUGUUGCUCCUGUUUGAAGGGCUGCUGCAGCUGCGGUUCGUGUUGUAAGUUUGACGAGGAUGACUCGGAGCCAGUGCUGAAGGGGGUCAAGUUACACUACACA,0.17226498036135113,0.09527815187209979
